Workbook

Sheet 0. Introduction
A1: Self Assessment Questionnaire
A2: Introduction
B4: 📝 Instructions This self-assessment tool is designed to help Research Infrastructures (RIs) evaluate their environmental sustainability practices across multiple operational and strategic dimensions. It supports alignment with key EU regulations, standards, and the GreenDIGIT project methodology. The questionnaire is structured around the following thematic areas: • Governance and Compliance • Stakeholder Engagement and Awareness • Energy Efficiency and Decarbonisation • Environmental Monitoring and Impact • Pollution, Waste, and Circularity • Water and Ecosystems • Lifecycle Integration Each thematic area contains specific evaluation items, which the RI is asked to rate using a 3-level capability maturity scale. The responses generate insights into current performance, areas for improvement, and action priorities. ✅ How to use the tool 1. Start with the “Scope & Goals” tab Define the scope of the assessment and set target capability levels for each sub-topic. 2. Proceed to the “Assessment & Actions” tab For each question: • Select your current capability level (1–3). • Provide a brief rationale and attach any relevant evidence. • Review the automatically generated improvement priority and recommended action. 3. View results in the “Priority & Capability Results” tab This section compares your current levels against targets and flags whether goals are met. 4. Open the “Action Plan & Monitoring” tab • Review all recommended actions generated based on your assessment. • For each action, indicate the estimated effort required. • The sheet will automatically compute an Implementation Priority to help plan follow-up activities. 📌 Use this tool to: • Identify sustainability gaps and maturity levels • Support lifecycle-based environmental planning • Prepare for alignment with frameworks like CSRD, ESRS, EED, ISO 14001, and ESFRI • Feed directly into the development of sustainability strategies and environmental impact actions

Sheet 1. Scope & Goals
A1: Self Assessment Questionnaire
A2: Scope & Goals
B4: The sections below allow you to set scope and goals for your assessment. If you set neither the scope or goals (leave settings as they are), you will be presented with all requirements and results. We recommend that you begin with all topics and results unless you have guidance and support in setting and appropriate scope and fitting goals.
B7: Scope and Goals | C7: In Scope? | D7: Target Capability level?
B8: Governance and Compliance | F8: The table to the left allow you to set scope and targets for environmental sustainability capabilities of your RI.
B9: G1: Alignment with relevant EU regulations (CSRD, ESRS, EED, ESPR, WEEE, LCA, ISO14040, ISO14044) | C9: Yes | D9: Select....
B10: G2: Existence of a formal environmental sustainability strategy | C10: Yes | D10: Select....
B11: G3: Defined roles and responsibilities for sustainability | C11: Yes | D11: Select....
B12: G4: Inclusion of sustainability in internal policies or quality systems | C12: Yes | D12: Select....
B13: G5: Inclusion of sustainability in procurement or supplier management | C13: Yes | D13: Select....
B14: Stakeholder Engagement and Awareness
B15: S1: Sustainability awareness/training for staff | C15: Yes | D15: Select....
B16: S2: Involvement of stakeholders in environmental planning | C16: Yes | D16: Select....
B17: S3: Transparent communication of environmental performance | C17: Yes | D17: Select....
B18: Energy Efficiency and Decarbonisation
B19: E1: Adoption of renewable energy sources | C19: Yes | D19: Select....
B20: E2: AI-driven workload or energy optimisation | C20: Yes | D20: Select....
B21: E3: Waste heat recovery or reuse strategies | C21: Yes | D21: Select....
B22: E4: Power Usage Effectiveness (PUE) tracking and optimisation | C22: Yes | D22: Select....
B23: E5: Carbon Use Effectiveness (CUE) tracking and reduction | C23: Yes | D23: Select.... | F23: Capability levels are as follows:
B24: E6: Flexible energy usage or smart grid responsiveness | C24: Yes | D24: Select....
B25: Environmental Monitoring and Impact | F25: Level 1: Initial / Ad hoc | G25: Awareness is minimal, and practices are largely unstructured
B26: M1: Measurement of environmental KPIs (GHG, energy, water, waste) | C26: Yes | D26: Select....
B27: M2: Use of environmental metrics in planning and reporting | C27: Yes | D27: Select.... | F27: Level 2: Developing / Partial | G27: Some measures exist, but they are inconsistent or not formalised.
B28: M3: Lifecycle-based environmental impact assessment (based on LCA methodology) | C28: Yes | D28: Select....
B29: M4: Use of WUE (Water Usage Effectiveness) or similar water metrics | C29: Yes | D29: Select.... | F29: Level 3: Established / Assured | G29: The RI is confident that the topic is systematically addressed with well-defined practices.
B30: M5: Implementation of monitoring tools/platforms | C30: Yes | D30: Select....
B31: Pollution, Waste, and Circularity
B32: P1: Reduction of operational waste (incl. e-waste) | C32: Yes | D32: Select....
B33: P2: End-of-life management for equipment | C33: Yes | D33: Select....
B34: P3: Circular IT practices (reuse, remanufacturing, modularity) | C34: Yes | D34: Select....
B35: P4: Pollution control (air, water, soil) | C35: Yes | D35: Select....
B36: P5: Use of low-impact or non-toxic materials | C36: Yes | D36: Select....
B37: Water and Ecosystems
B38: W1: Water usage monitoring and reduction strategies | C38: Yes | D38: Select....
B39: W2: Impact on local ecosystems or biodiversity | C39: Yes | D39: Select....
B40: W3: Rainwater harvesting, reuse, or runoff management | C40: Yes | D40: Select....
B41: W4: Water-based cooling systems and water efficiency strategies | C41: Yes | D41: Select....
B42: Lifecycle Integration
B43: L1: Sustainability embedded in the design phase | C43: Yes | D43: Select....
B44: L2: Consideration of sustainability during implementation | C44: Yes | D44: Select....
B45: L3: Operational sustainability practices | C45: Yes | D45: Select....
B46: L4: Decommissioning/termination phase planning | C46: Yes | D46: Select....

Sheet 2-3. Assessment & Actions
A1: Self Assessment Questionnaire
A2: Assessment
B3: Topic area | C3: Type of requirement | D3: Requirement code | E3: Question | F3: Lifecycle Phase | G3: Environmental Dimension | H3: Associated Metric | I3: Reference (Standard/Policy) | J3: Impact Magnitude | K3: Impact Likelihood | L3: Improvement Priority | M3: Capability Level | N3: Descriptions | O3: Recommended Action | P3: Self assessment score | Q3: Rationale for score | R3: Evidence Type Expected | S3: Evidence (e.g. available documents / records / URLs)
B5: ='1. Scope & Goals'!B8 -> Governance and Compliance
B6: ='1. Scope & Goals'!B9 -> G1: Alignment with relevant EU regulations (CSRD, ESRS, EED, ESPR, WEEE, LCA, ISO14040, ISO14044) | C6: Output / Achievement | D6: G1.1 | E6: To what extent is the RI aligned with relevant EU environmental regulations such as CSRD, ESRS, EED, ESPR, WEEE, LCA, ISO14040, ISO14044? | F6: Cross-cutting | G6: Non-environmental | H6: N/A | I6: CSRD, ESRS E1-E5, ESPR, EED, WEEE, LCA, ISO14040, ISO14044 | J6: High | K6: High | L6: =IF(OR(J6="High", K6="High"), IF(AND(J6="High", K6="High"), "High", IF(OR(J6="High", K6="Medium", J6="Medium", K6="High"), "High", "Medium")), IF(AND(J6="Medium", K6="Medium"), "Medium", "Low")) -> High | M6: 1 | N6: The RI is not actively considering EU environmental regulations or is unaware of specific obligations. | O6: Conduct a regulatory gap analysis to identify which EU environmental regulations apply and where the RI is currently non-compliant. Engage legal or compliance expertise to support interpretation if needed. | P6: Select.... | R6: Compliance documentation / Legal review
J7: Medium | K7: Medium | L7: =IF(OR(J7="High", K7="High"), IF(AND(J7="High", K7="High"), "High", IF(OR(J7="High", K7="Medium", J7="Medium", K7="High"), "High", "Medium")), IF(AND(J7="Medium", K7="Medium"), "Medium", "Low")) -> Medium | M7: 2 | N7: The RI is aware of applicable regulations and has initiated some exploratory or preparatory activities, but there is no structured compliance plan. | O7: Update internal documentation and procedures to close identified regulatory gaps. Begin implementing key compliance actions with clear timelines and responsibilities.
J8: Low | K8: Low | L8: =IF(OR(J8="High", K8="High"), IF(AND(J8="High", K8="High"), "High", IF(OR(J8="High", K8="Medium", J8="Medium", K8="High"), "High", "Medium")), IF(AND(J8="Medium", K8="Medium"), "Medium", "Low")) -> Low | M8: 3 | N8: The RI has mapped relevant regulations, assigned responsibilities, and embedded compliance requirements into formal policies and operational procedures. | O8: No further action required. Maintain alignment by reviewing regulatory changes annually and updating internal policies accordingly.
C9: Task / activity | D9: G1.2 | E9: Has the RI conducted a review or gap analysis to identify which regulations apply and how they are addressed? | F9: Cross-cutting | G9: Non-environmental | H9: N/A | I9: CSRD, ESRS E1-E5, ESPR, WEEE | J9: High | K9: High | L9: =IF(OR(J9="High", K9="High"), IF(AND(J9="High", K9="High"), "High", IF(OR(J9="High", K9="Medium", J9="Medium", K9="High"), "High", "Medium")), IF(AND(J9="Medium", K9="Medium"), "Medium", "Low")) -> High | M9: 1 | N9: No structured review or gap analysis has been conducted; awareness of obligations is minimal or outdated. | O9: Initiate a structured regulatory review to identify applicable EU regulations (e.g. CSRD, ESRS, EED, ESPR, WEEE). Engage relevant internal or external expertise and document initial findings. | P9: Select.... | R9: Gap analysis / Internal review documentation
J10: Medium | K10: Medium | L10: =IF(OR(J10="High", K10="High"), IF(AND(J10="High", K10="High"), "High", IF(OR(J10="High", K10="Medium", J10="Medium", K10="High"), "High", "Medium")), IF(AND(J10="Medium", K10="Medium"), "Medium", "Low")) -> Medium | M10: 2 | N10: A basic review has been done; some gaps identified, but follow-up actions are limited or informal. | O10: Expand and update the regulatory gap analysis. Clarify which obligations are partially addressed, and prepare an action plan to resolve any gaps identified.
J11: Low | K11: Low | L11: =IF(OR(J11="High", K11="High"), IF(AND(J11="High", K11="High"), "High", IF(OR(J11="High", K11="Medium", J11="Medium", K11="High"), "High", "Medium")), IF(AND(J11="Medium", K11="Medium"), "Medium", "Low")) -> Low | M11: 3 | N11: A comprehensive, up-to-date gap analysis is in place; regularly reviewed and informs compliance actions. | O11: No action needed. Maintain and periodically update the gap analysis in line with evolving legislation and internal priorities.
B12: ='1. Scope & Goals'!B10 -> G2: Existence of a formal environmental sustainability strategy | C12: Output / Achievement | D12: G2.1 | E12: Is there a documented environmental sustainability strategy in place, endorsed by leadership and periodically updated? | F12: Cross-cutting | G12: Non-environmental | H12: N/A | I12: ESRS E1, ISO 14001 | J12: Medium | K12: High | L12: =IF(OR(J12="High", K12="High"), IF(AND(J12="High", K12="High"), "High", IF(OR(J12="High", K12="Medium", J12="Medium", K12="High"), "High", "Medium")), IF(AND(J12="Medium", K12="Medium"), "Medium", "Low")) -> High | M12: 1 | N12: No environmental sustainability strategy exists, or it is informal and not institutionally endorsed. | O12: Draft a documented environmental sustainability strategy that outlines goals, scope, and key priorities. Secure leadership engagement to initiate endorsement. | P12: Select.... | R12: Strategy document / Policy endorsement
J13: Medium | K13: Medium | L13: =IF(OR(J13="High", K13="High"), IF(AND(J13="High", K13="High"), "High", IF(OR(J13="High", K13="Medium", J13="Medium", K13="High"), "High", "Medium")), IF(AND(J13="Medium", K13="Medium"), "Medium", "Low")) -> Medium | M13: 2 | N13: A strategy exists and covers key areas, but it is not comprehensive or regularly reviewed. | O13: Formalise leadership endorsement of the strategy and ensure it includes a mechanism for periodic updates. Begin integrating it into RI-level decision-making.
J14: Low | K14: Low | L14: =IF(OR(J14="High", K14="High"), IF(AND(J14="High", K14="High"), "High", IF(OR(J14="High", K14="Medium", J14="Medium", K14="High"), "High", "Medium")), IF(AND(J14="Medium", K14="Medium"), "Medium", "Low")) -> Low | M14: 3 | N14: A formal strategy is in place, endorsed by leadership, reviewed regularly, and linked to operational planning. | O14: No action needed. Maintain periodic reviews and ensure the strategy remains aligned with evolving sustainability goals and regulations.
B15: ='1. Scope & Goals'!B11 -> G3: Defined roles and responsibilities for sustainability | C15: Task / activity | D15: G3.1 | E15: Are roles and responsibilities for environmental sustainability clearly assigned across relevant functions within the RI? | F15: Cross-cutting | G15: Non-environmental | H15: N/A | I15: ISO 14001, CSRD | J15: Medium | K15: High | L15: =IF(OR(J15="High", K15="High"), IF(AND(J15="High", K15="High"), "High", IF(OR(J15="High", K15="Medium", J15="Medium", K15="High"), "High", "Medium")), IF(AND(J15="Medium", K15="Medium"), "Medium", "Low")) -> High | M15: 1 | N15: No roles or responsibilities are defined for sustainability-related actions. | O15: Identify key functions and assign clear responsibilities for environmental sustainability. Ensure responsibility is not siloed but shared across operational and strategic roles. | P15: Select.... | R15: Organisational documentation
J16: Medium | K16: Medium | L16: =IF(OR(J16="High", K16="High"), IF(AND(J16="High", K16="High"), "High", IF(OR(J16="High", K16="Medium", J16="Medium", K16="High"), "High", "Medium")), IF(AND(J16="Medium", K16="Medium"), "Medium", "Low")) -> Medium | M16: 2 | N16: Some roles are assigned, but responsibilities are not clearly documented or consistently applied. | O16: Document the assigned responsibilities formally (e.g. in organisational charts, role descriptions, quality systems) and ensure they are communicated internally.
J17: Low | K17: Low | L17: =IF(OR(J17="High", K17="High"), IF(AND(J17="High", K17="High"), "High", IF(OR(J17="High", K17="Medium", J17="Medium", K17="High"), "High", "Medium")), IF(AND(J17="Medium", K17="Medium"), "Medium", "Low")) -> Low | M17: 3 | N17: Roles and responsibilities are formally assigned, documented, and integrated into operational procedures. | O17: No action needed. Sustain clarity and alignment of responsibilities, and update assignments when organisational roles or sustainability goals evolve.
B18: ='1. Scope & Goals'!B12 -> G4: Inclusion of sustainability in internal policies or quality systems | C18: Task / activity | D18: G4.1 | E18: To what extent is environmental sustainability integrated into the RI’s internal policies, management systems, or quality frameworks? | F18: Cross-cutting | G18: Non-environmental | H18: N/A | I18: ISO 14001, CSRD, EMAS | J18: Medium | K18: High | L18: =IF(OR(J18="High", K18="High"), IF(AND(J18="High", K18="High"), "High", IF(OR(J18="High", K18="Medium", J18="Medium", K18="High"), "High", "Medium")), IF(AND(J18="Medium", K18="Medium"), "Medium", "Low")) -> High | M18: 1 | N18: Environmental considerations are not referenced in internal policies or management systems. | O18: Review existing policies, management systems, and quality frameworks to identify where environmental sustainability is absent. Begin drafting updates or addenda that reflect sustainability considerations. | P18: Select.... | R18: Policy / Management system records
J19: Medium | K19: Medium | L19: =IF(OR(J19="High", K19="High"), IF(AND(J19="High", K19="High"), "High", IF(OR(J19="High", K19="Medium", J19="Medium", K19="High"), "High", "Medium")), IF(AND(J19="Medium", K19="Medium"), "Medium", "Low")) -> Medium | M19: 2 | N19: Sustainability is mentioned in some policies or quality processes, but integration is limited or inconsistent. | O19: Expand integration of sustainability elements across internal systems. Ensure alignment with recognised frameworks such as ISO 14001 or ISO 9001 (with sustainability add-ons), and involve relevant departments in updates.
J20: Low | K20: Low | L20: =IF(OR(J20="High", K20="High"), IF(AND(J20="High", K20="High"), "High", IF(OR(J20="High", K20="Medium", J20="Medium", K20="High"), "High", "Medium")), IF(AND(J20="Medium", K20="Medium"), "Medium", "Low")) -> Low | M20: 3 | N20: Environmental sustainability is systematically integrated across internal policies, quality management, and procedures. | O20: No action needed. Continue internal reviews to maintain full integration and alignment with emerging sustainability standards.
B21: ='1. Scope & Goals'!B13 -> G5: Inclusion of sustainability in procurement or supplier management | C21: Task / activity | D21: G5.1 | E21: Does the RI include environmental sustainability criteria in procurement processes and supplier evaluations? | F21: Cross-cutting | G21: Non-environmental | H21: % of suppliers evaluated with environmental criteria (optional) | I21: ISO 20400, ESRS G1, ESRS E5, EU Green Public Procurement Guidelines | J21: Medium | K21: High | L21: =IF(OR(J21="High", K21="High"), IF(AND(J21="High", K21="High"), "High", IF(OR(J21="High", K21="Medium", J21="Medium", K21="High"), "High", "Medium")), IF(AND(J21="Medium", K21="Medium"), "Medium", "Low")) -> High | M21: 1 | N21: Environmental criteria are not considered in procurement or supplier evaluation. | O21: Begin integrating basic environmental sustainability criteria into procurement guidelines and supplier selection processes. Reference relevant standards (e.g. EU Green Public Procurement) where applicable. | P21: Select.... | R21: Procurement documents / Supplier criteria
J22: Medium | K22: Medium | L22: =IF(OR(J22="High", K22="High"), IF(AND(J22="High", K22="High"), "High", IF(OR(J22="High", K22="Medium", J22="Medium", K22="High"), "High", "Medium")), IF(AND(J22="Medium", K22="Medium"), "Medium", "Low")) -> Medium | M22: 2 | N22: Some environmental criteria are used, but not systematically or across all procurement categories. | O22: Expand and formalise sustainability criteria in procurement documents and supplier contracts. Ensure criteria are measurable and consistently applied across purchases.
J23: Low | K23: Low | L23: =IF(OR(J23="High", K23="High"), IF(AND(J23="High", K23="High"), "High", IF(OR(J23="High", K23="Medium", J23="Medium", K23="High"), "High", "Medium")), IF(AND(J23="Medium", K23="Medium"), "Medium", "Low")) -> Low | M23: 3 | N23: Environmental sustainability is consistently integrated into procurement processes and supplier assessments. | O23: No action needed. Maintain criteria updates and consider supplier engagement strategies to support continuous sustainability improvement.
B24: ='1. Scope & Goals'!B14 -> Stakeholder Engagement and Awareness
B25: ='1. Scope & Goals'!B15 -> S1: Sustainability awareness/training for staff | C25: Task / activity | D25: S1.1 | E25: To what extent does the RI provide staff training or awareness programmes on environmental sustainability topics relevant to their roles? | F25: Cross-cutting | G25: Non-environmental | H25: % of staff trained annually, number of training sessions | I25: ISO 14001, ESRS | J25: Medium | K25: High | L25: =IF(OR(J25="", K25=""), "", IF(OR(J25="High", K25="High"), IF(AND(J25="High", K25="High"), "High", IF(OR(J25="High", K25="Medium", J25="Medium", K25="High"), "High", "Medium")), IF(AND(J25="Medium", K25="Medium"), "Medium", "Low"))) -> High | M25: 1 | N25: No sustainability training or awareness activities are in place. | O25: Develop and deliver basic sustainability awareness sessions for staff. Tailor content to general operational relevance and RI objectives. | P25: Select.... | R25: Training records, attendance logs, course materials
J26: Medium | K26: Medium | L26: =IF(OR(J26="", K26=""), "", IF(OR(J26="High", K26="High"), IF(AND(J26="High", K26="High"), "High", IF(OR(J26="High", K26="Medium", J26="Medium", K26="High"), "High", "Medium")), IF(AND(J26="Medium", K26="Medium"), "Medium", "Low"))) -> Medium | M26: 2 | N26: Some ad hoc or optional training is available, but not systematic. | O26: Establish structured training programmes with role-specific content. Include periodic refreshers and track staff participation and feedback.
J27: Low | K27: Low | L27: =IF(OR(J27="", K27=""), "", IF(OR(J27="High", K27="High"), IF(AND(J27="High", K27="High"), "High", IF(OR(J27="High", K27="Medium", J27="Medium", K27="High"), "High", "Medium")), IF(AND(J27="Medium", K27="Medium"), "Medium", "Low"))) -> Low | M27: 3 | N27: Structured, role-specific sustainability training is delivered regularly and tracked. | O27: No action needed. Maintain comprehensive training programmes and consider integrating sustainability awareness into onboarding and performance reviews.
B28: ='1. Scope & Goals'!B16 -> S2: Involvement of stakeholders in environmental planning | C28: Task / activity | D28: S2.1 | E28: Are relevant stakeholders (e.g. users, suppliers, partners) engaged in environmental planning or sustainability goal-setting processes? | F28: Cross-cutting | G28: Non-environmental | H28: N/A | I28: ISO 14001, ESRS 1 | J28: Medium | K28: High | L28: =IF(OR(J28="", K28=""), "", IF(OR(J28="High", K28="High"), IF(AND(J28="High", K28="High"), "High", IF(OR(J28="High", K28="Medium", J28="Medium", K28="High"), "High", "Medium")), IF(AND(J28="Medium", K28="Medium"), "Medium", "Low"))) -> High | M28: 1 | N28: Stakeholders are not engaged in environmental planning or goal setting. | O28: Identify key stakeholder groups and initiate basic engagement on environmental topics (e.g. surveys, meetings, informal consultations). | P28: Select.... | R28: Meeting records, consultation summaries, stakeholder input reports
J29: Medium | K29: Medium | L29: =IF(OR(J29="", K29=""), "", IF(OR(J29="High", K29="High"), IF(AND(J29="High", K29="High"), "High", IF(OR(J29="High", K29="Medium", J29="Medium", K29="High"), "High", "Medium")), IF(AND(J29="Medium", K29="Medium"), "Medium", "Low"))) -> Medium | M29: 2 | N29: Stakeholder input is sought occasionally but not structured or consistently applied. | O29: Develop a structured stakeholder engagement plan that includes regular input into sustainability planning or goal-setting processes. Document outcomes and integrate feedback.
J30: Low | K30: Low | L30: =IF(OR(J30="", K30=""), "", IF(OR(J30="High", K30="High"), IF(AND(J30="High", K30="High"), "High", IF(OR(J30="High", K30="Medium", J30="Medium", K30="High"), "High", "Medium")), IF(AND(J30="Medium", K30="Medium"), "Medium", "Low"))) -> Low | M30: 3 | N30: Stakeholders are regularly and systematically involved in environmental planning processes. | O30: No action needed. Continue proactive stakeholder engagement and track participation and influence on environmental decisions.
B31: ='1. Scope & Goals'!B17 -> S3: Transparent communication of environmental performance | C31: Output / Achievement | D31: S3.1 | E31: Does the RI regularly communicate its environmental performance, actions, or goals to internal and external stakeholders? | F31: Cross-cutting | G31: Non-environmental | H31: Frequency and scope of communications (e.g., reports/year) | I31: CSRD, ESRS E1, ISO 14063 | J31: Medium | K31: High | L31: =IF(OR(J31="", K31=""), "", IF(OR(J31="High", K31="High"), IF(AND(J31="High", K31="High"), "High", IF(OR(J31="High", K31="Medium", J31="Medium", K31="High"), "High", "Medium")), IF(AND(J31="Medium", K31="Medium"), "Medium", "Low"))) -> High | M31: 1 | N31: Environmental performance is not communicated externally or internally. | O31: Identify key performance metrics and develop internal channels for sharing environmental information (e.g. newsletters, intranet updates). | P31: Select.... | R31: Sustainability reports, public disclosures, stakeholder briefings
J32: Medium | K32: Medium | L32: =IF(OR(J32="", K32=""), "", IF(OR(J32="High", K32="High"), IF(AND(J32="High", K32="High"), "High", IF(OR(J32="High", K32="Medium", J32="Medium", K32="High"), "High", "Medium")), IF(AND(J32="Medium", K32="Medium"), "Medium", "Low"))) -> Medium | M32: 2 | N32: Some communications occur, but are informal or irregular. | O32: Identify key performance metrics and develop internal channels for sharing environmental information (e.g. newsletters, intranet updates).
J33: Low | K33: Low | L33: =IF(OR(J33="", K33=""), "", IF(OR(J33="High", K33="High"), IF(AND(J33="High", K33="High"), "High", IF(OR(J33="High", K33="Medium", J33="Medium", K33="High"), "High", "Medium")), IF(AND(J33="Medium", K33="Medium"), "Medium", "Low"))) -> Low | M33: 3 | N33: Environmental performance is communicated regularly, transparently, and in structured formats. | O33: Establish regular reporting cycles and communication plans for both internal and external audiences. Include key performance indicators, progress on goals, and future plans.
B34: ='1. Scope & Goals'!B18 -> Energy Efficiency and Decarbonisation
B35: ='1. Scope & Goals'!B19 -> E1: Adoption of renewable energy sources | C35: Output / Achievement | D35: E1.1 | E35: What proportion of the RI’s energy consumption is sourced from renewable energy, and how is this verified? | F35: Operation | G35: Energy | H35: % of energy from renewable sources | I35: ISO 50001, ESRS E1, EU Renewable Energy Directive | J35: High | K35: High | L35: =IF(OR(J35="High", K35="High"), IF(AND(J35="High", K35="High"), "High", IF(OR(J35="High", K35="Medium", J35="Medium", K35="High"), "High", "Medium")), IF(AND(J35="Medium", K35="Medium"), "Medium", "Low")) -> High | M35: 1 | N35: The RI does not use or track renewable energy usage. | O35: Assess the current energy mix and identify opportunities to procure or transition to renewable energy sources. Start collecting data and documentation to verify sources (e.g. supplier declarations, energy certificates). | P35: Select.... | R35: Energy bills, supplier contracts, renewable energy certificates
J36: Medium | K36: Medium | L36: =IF(OR(J36="High", K36="High"), IF(AND(J36="High", K36="High"), "High", IF(OR(J36="High", K36="Medium", J36="Medium", K36="High"), "High", "Medium")), IF(AND(J36="Medium", K36="Medium"), "Medium", "Low")) -> Medium | M36: 2 | N36: Some energy comes from renewable sources, but tracking is limited or informal. | O36: Increase the share of renewable energy through updated contracts or on-site generation. Implement processes for regular verification and reporting (e.g. through Guarantees of Origin, utility audits).
J37: Low | K37: Low | L37: =IF(OR(J37="High", K37="High"), IF(AND(J37="High", K37="High"), "High", IF(OR(J37="High", K37="Medium", J37="Medium", K37="High"), "High", "Medium")), IF(AND(J37="Medium", K37="Medium"), "Medium", "Low")) -> Low | M37: 3 | N37: A high proportion of energy is sourced from renewables, verified through formal documentation or contracts. | O37: No action needed. Continue monitoring and ensure transparency in reporting renewable energy sourcing and verification.
B38: ='1. Scope & Goals'!B20 -> E2: AI-driven workload or energy optimisation | C38: Task / activity | D38: E2.1 | E38: Are AI or automation systems used to optimise energy consumption across compute, cooling, or other infrastructure components? | F38: Operation | G38: Energy | H38: Estimated energy savings (%) from AI/automation | I38: ISO 50001, EN 50600-4-8 (Energy Reuse) | J38: Medium | K38: High | L38: =IF(OR(J38="High", K38="High"), IF(AND(J38="High", K38="High"), "High", IF(OR(J38="High", K38="Medium", J38="Medium", K38="High"), "High", "Medium")), IF(AND(J38="Medium", K38="Medium"), "Medium", "Low")) -> High | M38: 1 | N38: No AI or automation tools are in place for energy optimisation. | O38: Identify infrastructure areas with high energy use and evaluate the potential of AI or automation tools for energy optimisation. Initiate pilot projects or feasibility assessments. | P38: Select.... | R38: System documentation, control software descriptions, performance reports
J39: Medium | K39: Medium | L39: =IF(OR(J39="High", K39="High"), IF(AND(J39="High", K39="High"), "High", IF(OR(J39="High", K39="Medium", J39="Medium", K39="High"), "High", "Medium")), IF(AND(J39="Medium", K39="Medium"), "Medium", "Low")) -> Medium | M39: 2 | N39: Some systems exist, but usage is limited to specific components or lacks ongoing refinement. | O39: Expand use of AI-driven or automated systems for energy optimisation in key areas (e.g. dynamic workload distribution, smart cooling). Document energy savings and lessons learned.
J40: Low | K40: Low | L40: =IF(OR(J40="High", K40="High"), IF(AND(J40="High", K40="High"), "High", IF(OR(J40="High", K40="Medium", J40="Medium", K40="High"), "High", "Medium")), IF(AND(J40="Medium", K40="Medium"), "Medium", "Low")) -> Low | M40: 3 | N40: Advanced AI/automation is used systematically across operations to monitor and optimise energy use. | O40: No action needed. Maintain optimisation systems and review performance periodically to identify further improvement opportunities.
B41: ='1. Scope & Goals'!B21 -> E3: Waste heat recovery or reuse strategies | C41: Task / activity | D41: E3.1 | E41: Does the RI implement strategies to recover or reuse waste heat generated by infrastructure? | F41: Operation | G41: Energy | H41: Energy reuse factor (ERF), % of recovered heat reused | I41: EN 50600-4-6, ISO 50001 | J41: Medium | K41: High | L41: =IF(OR(J41="High", K41="High"), IF(AND(J41="High", K41="High"), "High", IF(OR(J41="High", K41="Medium", J41="Medium", K41="High"), "High", "Medium")), IF(AND(J41="Medium", K41="Medium"), "Medium", "Low")) -> High | M41: 1 | N41: No waste heat recovery strategies are in place or considered. | O41: Assess the feasibility of heat recovery based on infrastructure type and thermal load. Identify potential use cases (e.g. heating buildings, district heating, internal reuse). | P41: Select.... | R41: Technical system designs, energy recovery logs, reuse feasibility studies
J42: Medium | K42: Medium | L42: =IF(OR(J42="High", K42="High"), IF(AND(J42="High", K42="High"), "High", IF(OR(J42="High", K42="Medium", J42="Medium", K42="High"), "High", "Medium")), IF(AND(J42="Medium", K42="Medium"), "Medium", "Low")) -> Medium | M42: 2 | N42: Opportunities have been identified, and partial recovery is implemented in limited areas. | O42: Implement basic heat recovery systems where feasible. Monitor effectiveness and explore opportunities to expand reuse or integrate with external systems.
J43: Low | K43: Low | L43: =IF(OR(J43="High", K43="High"), IF(AND(J43="High", K43="High"), "High", IF(OR(J43="High", K43="Medium", J43="Medium", K43="High"), "High", "Medium")), IF(AND(J43="Medium", K43="Medium"), "Medium", "Low")) -> Low | M43: 3 | N43: Waste heat is consistently captured and reused through formal systems and integrated planning. | O43: No action needed. Continue optimising heat recovery systems and track performance against energy-saving targets.
B44: ='1. Scope & Goals'!B22 -> E4: Power Usage Effectiveness (PUE) tracking and optimisation | C44: Output / Achievement | D44: E4.1 | E44: Is the RI’s PUE monitored regularly, and are efforts in place to optimise it over time? | F44: Operation | G44: Energy | H44: Power Usage Effectiveness (PUE) | I44: ISO/IEC 30134-2, EN 50600-4-2, EU CoC on Data Centre Energy Efficiency | J44: High | K44: High | L44: =IF(OR(J44="High", K44="High"), IF(AND(J44="High", K44="High"), "High", IF(OR(J44="High", K44="Medium", J44="Medium", K44="High"), "High", "Medium")), IF(AND(J44="Medium", K44="Medium"), "Medium", "Low")) -> High | M44: 1 | N44: PUE is not monitored or known. | O44: Begin monitoring Power Usage Effectiveness (PUE) at a basic level. Install or configure metering infrastructure to enable regular data collection. | P44: Select.... | R44: Energy monitoring reports, PUE trend data, internal benchmarking documentation
J45: Medium | K45: Medium | L45: =IF(OR(J45="High", K45="High"), IF(AND(J45="High", K45="High"), "High", IF(OR(J45="High", K45="Medium", J45="Medium", K45="High"), "High", "Medium")), IF(AND(J45="Medium", K45="Medium"), "Medium", "Low")) -> Medium | M45: 2 | N45: PUE is monitored but not regularly optimised or benchmarked. | O45: Establish routine monitoring of PUE and identify areas where efficiency can be improved (e.g. cooling systems, power distribution). Set internal targets for optimisation.
J46: Low | K46: Low | L46: =IF(OR(J46="High", K46="High"), IF(AND(J46="High", K46="High"), "High", IF(OR(J46="High", K46="Medium", J46="Medium", K46="High"), "High", "Medium")), IF(AND(J46="Medium", K46="Medium"), "Medium", "Low")) -> Low | M46: 3 | N46: PUE is tracked, benchmarked, and used to inform continuous energy efficiency improvements. | O46: No action needed. Maintain performance tracking and review optimisation efforts to stay aligned with industry benchmarks and internal goals.
B47: ='1. Scope & Goals'!B23 -> E5: Carbon Use Effectiveness (CUE) tracking and reduction | C47: Output / Achievement | D47: E5.1 | E47: Is CUE calculated and used as a metric for assessing carbon performance of the RI’s operations? | F47: Operation | G47: Climate Change | H47: Carbon Usage Effectiveness (CUE) | I47: ISO/IEC 30134-3, GHG Protocol Scope 2 Guidance | J47: High | K47: High | L47: =IF(OR(J47="High", K47="High"), IF(AND(J47="High", K47="High"), "High", IF(OR(J47="High", K47="Medium", J47="Medium", K47="High"), "High", "Medium")), IF(AND(J47="Medium", K47="Medium"), "Medium", "Low")) -> High | M47: 1 | N47: CUE is not calculated or considered in RI operations. | O47: Familiarise the team with Carbon Usage Effectiveness (CUE) and assess whether sufficient data exists to begin basic calculations. Identify carbon-intensive operational areas. | P47: Select.... | R47: Carbon accounting reports, CUE calculations, emissions monitoring records
J48: Medium | K48: Medium | L48: =IF(OR(J48="High", K48="High"), IF(AND(J48="High", K48="High"), "High", IF(OR(J48="High", K48="Medium", J48="Medium", K48="High"), "High", "Medium")), IF(AND(J48="Medium", K48="Medium"), "Medium", "Low")) -> Medium | M48: 2 | N48: CUE is estimated or partially tracked, but not actively used in decision-making. | O48: Implement regular CUE calculations and use the results to identify inefficiencies or opportunities for emissions reduction. Integrate CUE into internal sustainability reporting.
J49: Low | K49: Low | L49: =IF(OR(J49="High", K49="High"), IF(AND(J49="High", K49="High"), "High", IF(OR(J49="High", K49="Medium", J49="Medium", K49="High"), "High", "Medium")), IF(AND(J49="Medium", K49="Medium"), "Medium", "Low")) -> Low | M49: 3 | N49: CUE is regularly calculated, reported, and informs carbon reduction strategies. | O49: No action needed. Maintain consistent tracking and consider publishing or benchmarking CUE data to support transparency and best practices.
B50: ='1. Scope & Goals'!B24 -> E6: Flexible energy usage or smart grid responsiveness | C50: Task / activity | D50: E6.1 | E50: Does the RI participate in energy flexibility initiatives, such as demand response or smart grid integration? | F50: Operation | G50: Energy | H50: Participation in flexibility programs; % load modulated during events | I50: EU Electricity Directive, EN 50600-4-7 (Availability and resilience), Smart Grid Task Force reports | J50: Medium | K50: High | L50: =IF(OR(J50="High", K50="High"), IF(AND(J50="High", K50="High"), "High", IF(OR(J50="High", K50="Medium", J50="Medium", K50="High"), "High", "Medium")), IF(AND(J50="Medium", K50="Medium"), "Medium", "Low")) -> High | M50: 1 | N50: The RI does not participate in any energy flexibility or smart grid schemes. | O50: Explore opportunities to participate in local or regional energy flexibility schemes, such as demand response programmes or grid-interactive energy management. Assess technical feasibility and potential benefits. | P50: Select.... | R50: Participation agreements, demand response logs, technical infrastructure specifications
J51: Medium | K51: Medium | L51: =IF(OR(J51="High", K51="High"), IF(AND(J51="High", K51="High"), "High", IF(OR(J51="High", K51="Medium", J51="Medium", K51="High"), "High", "Medium")), IF(AND(J51="Medium", K51="Medium"), "Medium", "Low")) -> Medium | M51: 2 | N51: The RI has the technical capacity and is exploring or piloting flexibility participation. | O51: Participate in one or more energy flexibility initiatives. Establish internal protocols for responding to external grid signals or adjusting loads dynamically.
J52: Low | K52: Low | L52: =IF(OR(J52="High", K52="High"), IF(AND(J52="High", K52="High"), "High", IF(OR(J52="High", K52="Medium", J52="Medium", K52="High"), "High", "Medium")), IF(AND(J52="Medium", K52="Medium"), "Medium", "Low")) -> Low | M52: 3 | N52: The RI actively participates in energy flexibility schemes and can adjust loads in response to grid signals. | O52: No action needed. Maintain participation and evaluate performance and value of engagement. Look for additional integration points as technology evolves.
B53: ='1. Scope & Goals'!B25 -> Environmental Monitoring and Impact
B54: ='1. Scope & Goals'!B26 -> M1: Measurement of environmental KPIs (GHG, energy, water, waste) | C54: Output / Achievement | D54: M1.1 | E54: Which environmental KPIs (e.g. GHG emissions, energy, water, waste) are currently measured and how frequently are they reported? | F54: Operation | G54: Climate Change | H54: Number and frequency of reported environmental KPIs | I54: ISO 14031, ESRS E1–E5, GHG Protocol, ISO 14064 | J54: High | K54: High | L54: =IF(OR(J54="", K54=""), "", IF(OR(J54="High", K54="High"), IF(AND(J54="High", K54="High"), "High", IF(OR(J54="High", K54="Medium", J54="Medium", K54="High"), "High", "Medium")), IF(AND(J54="Medium", K54="Medium"), "Medium", "Low"))) -> High | M54: 1 | N54: Environmental KPIs are not measured or reported. | O54: Identify key environmental KPIs relevant to RI operations. Begin collecting basic data on at least one dimension (e.g. energy use or waste generation) and define a reporting cadence. | P54: Select.... | R54: Environmental monitoring reports, KPI dashboards, internal audit summaries
J55: Medium | K55: Medium | L55: =IF(OR(J55="", K55=""), "", IF(OR(J55="High", K55="High"), IF(AND(J55="High", K55="High"), "High", IF(OR(J55="High", K55="Medium", J55="Medium", K55="High"), "High", "Medium")), IF(AND(J55="Medium", K55="Medium"), "Medium", "Low"))) -> Medium | M55: 2 | N55: Some KPIs are measured and occasionally reported, but coverage or consistency is limited. | O55: Expand KPI measurement to cover multiple impact areas (e.g. GHG, energy, water, waste). Establish consistent reporting processes and assign responsibilities.
J56: Low | K56: Low | L56: =IF(OR(J56="", K56=""), "", IF(OR(J56="High", K56="High"), IF(AND(J56="High", K56="High"), "High", IF(OR(J56="High", K56="Medium", J56="Medium", K56="High"), "High", "Medium")), IF(AND(J56="Medium", K56="Medium"), "Medium", "Low"))) -> Low | M56: 3 | N56: A comprehensive set of environmental KPIs is regularly monitored, documented, and reviewed. | O56: No action needed. Continue regular monitoring and explore opportunities to align KPI reporting with external frameworks or certifications.
B57: ='1. Scope & Goals'!B27 -> M2: Use of environmental metrics in planning and reporting | C57: Task / activity | D57: M2.1 | E57: To what extent are environmental metrics integrated into the RI’s strategic planning or operational decision-making? | F57: Cross-cutting | G57: Climate Change | H57: Number of decisions/plans referencing environmental KPIs (optional, qualitative) | I57: ISO 14001, ISO 14031, ESRS E1 | J57: Medium | K57: High | L57: =IF(OR(J57="", K57=""), "", IF(OR(J57="High", K57="High"), IF(AND(J57="High", K57="High"), "High", IF(OR(J57="High", K57="Medium", J57="Medium", K57="High"), "High", "Medium")), IF(AND(J57="Medium", K57="Medium"), "Medium", "Low"))) -> High | M57: 1 | N57: Environmental metrics are not used to inform planning or operational decisions. | O57: Identify opportunities to integrate basic environmental metrics (e.g. energy use, GHG emissions) into routine planning or procurement decisions. Raise awareness among decision-makers. | P57: Select.... | R57: Strategic plans, risk assessments, board minutes, policy documents referencing environmental data
J58: Medium | K58: Medium | L58: =IF(OR(J58="", K58=""), "", IF(OR(J58="High", K58="High"), IF(AND(J58="High", K58="High"), "High", IF(OR(J58="High", K58="Medium", J58="Medium", K58="High"), "High", "Medium")), IF(AND(J58="Medium", K58="Medium"), "Medium", "Low"))) -> Medium | M58: 2 | N58: Some metrics are referenced in planning, but not systematically or with limited influence. | O58: Incorporate environmental metrics into key strategic documents, project evaluations, or budget planning. Ensure decision-makers have access to relevant data during planning cycles.
J59: Low | K59: Low | L59: =IF(OR(J59="", K59=""), "", IF(OR(J59="High", K59="High"), IF(AND(J59="High", K59="High"), "High", IF(OR(J59="High", K59="Medium", J59="Medium", K59="High"), "High", "Medium")), IF(AND(J59="Medium", K59="Medium"), "Medium", "Low"))) -> Low | M59: 3 | N59: Environmental metrics are regularly used to guide strategic and operational decision-making. | O59: No action needed. Maintain integration and periodically evaluate the influence of metrics on outcomes to ensure environmental performance is driving decisions.
B60: ='1. Scope & Goals'!B28 -> M3: Lifecycle-based environmental impact assessment (based on LCA methodology) | C60: Task / activity | D60: M3.1 | E60: Has the RI conducted or applied lifecycle assessments (LCA) to evaluate its environmental impact across different phases, including monitoring of Global Warming Potential (GWP) and Cumulative Energy Demand (CED)? | F60: Cross-cutting | G60: Climate Change | H60: Number or coverage of LCA studies conducted | I60: ISO 14040, ISO 14044, ESRS E1 | J60: High | K60: Medium | L60: =IF(OR(J60="", K60=""), "", IF(OR(J60="High", K60="High"), IF(AND(J60="High", K60="High"), "High", IF(OR(J60="High", K60="Medium", J60="Medium", K60="High"), "High", "Medium")), IF(AND(J60="Medium", K60="Medium"), "Medium", "Low"))) -> High | M60: 1 | N60: No lifecycle assessments have been conducted or considered. | O60: Build internal awareness of LCA methods and identify opportunities to apply LCA to RI infrastructure or service components. Consider piloting an LCA for a specific lifecycle phase or asset. | P60: Select.... | R60: LCA reports, sustainability assessments, documentation of lifecycle impacts
J61: Medium | K61: Medium | L61: =IF(OR(J61="", K61=""), "", IF(OR(J61="High", K61="High"), IF(AND(J61="High", K61="High"), "High", IF(OR(J61="High", K61="Medium", J61="Medium", K61="High"), "High", "Medium")), IF(AND(J61="Medium", K61="Medium"), "Medium", "Low"))) -> Medium | M61: 2 | N61: Some LCA activities have been initiated, covering limited operations or infrastructure. | O61: Apply LCA to selected infrastructure or services across multiple lifecycle phases. Use the results to inform design or procurement decisions.
J62: Low | K62: Low | L62: =IF(OR(J62="", K62=""), "", IF(OR(J62="High", K62="High"), IF(AND(J62="High", K62="High"), "High", IF(OR(J62="High", K62="Medium", J62="Medium", K62="High"), "High", "Medium")), IF(AND(J62="Medium", K62="Medium"), "Medium", "Low"))) -> Low | M62: 3 | N62: LCA is systematically used to assess and mitigate environmental impact across RI lifecycle phases. | O62: No action needed. Continue refining LCA approaches and integrating results into sustainability reporting and strategic planning.
B63: ='1. Scope & Goals'!B29 -> M4: Use of WUE (Water Usage Effectiveness) or similar water metrics | C63: Output / Achievement | D63: M4.1 | E63: Is WUE or any comparable metric tracked and used to assess the RI’s water efficiency performance? | F63: Operation | G63: Waste | H63: Water Usage Effectiveness (WUE) | I63: ISO/IEC 30134-9, ISO 14046 (Water footprint) | J63: Medium | K63: High | L63: =IF(OR(J63="", K63=""), "", IF(OR(J63="High", K63="High"), IF(AND(J63="High", K63="High"), "High", IF(OR(J63="High", K63="Medium", J63="Medium", K63="High"), "High", "Medium")), IF(AND(J63="Medium", K63="Medium"), "Medium", "Low"))) -> High | M63: 1 | N63: Water metrics like WUE are not tracked or are unknown. | O63: Review current water usage practices and assess the feasibility of applying Water Usage Effectiveness (WUE) or a comparable metric. Begin collecting relevant data where possible. | P63: Select.... | R63: Water consumption records, WUE logs, utility bills, monitoring dashboards
J64: Medium | K64: Medium | L64: =IF(OR(J64="", K64=""), "", IF(OR(J64="High", K64="High"), IF(AND(J64="High", K64="High"), "High", IF(OR(J64="High", K64="Medium", J64="Medium", K64="High"), "High", "Medium")), IF(AND(J64="Medium", K64="Medium"), "Medium", "Low"))) -> Medium | M64: 2 | N64: WUE or a similar metric is estimated periodically but not used in performance management. | O64: Implement regular tracking of WUE or similar metrics. Use insights to guide efficiency improvements and water-saving initiatives.
J65: Low | K65: Low | L65: =IF(OR(J65="", K65=""), "", IF(OR(J65="High", K65="High"), IF(AND(J65="High", K65="High"), "High", IF(OR(J65="High", K65="Medium", J65="Medium", K65="High"), "High", "Medium")), IF(AND(J65="Medium", K65="Medium"), "Medium", "Low"))) -> Low | M65: 3 | N65: WUE is regularly calculated, benchmarked, and used to drive technical improvements. | O65: No action needed. Continue metric tracking and review performance regularly. Consider benchmarking against best practices or sector peers.
B66: ='1. Scope & Goals'!B30 -> M5: Implementation of monitoring tools/platforms | C66: Task / activity | D66: M5.1 | E66: Are dedicated tools or platforms in place for tracking, visualising, or reporting environmental performance? | F66: Operation | G66: Non-environmental | H66: N/A | I66: ISO 14031, ISO 50001 | J66: Medium | K66: High | L66: =IF(OR(J66="", K66=""), "", IF(OR(J66="High", K66="High"), IF(AND(J66="High", K66="High"), "High", IF(OR(J66="High", K66="Medium", J66="Medium", K66="High"), "High", "Medium")), IF(AND(J66="Medium", K66="Medium"), "Medium", "Low"))) -> High | M66: 1 | N66: No dedicated environmental monitoring tools or platforms are used. | O66: Identify suitable tools or platforms for environmental data tracking and reporting. Evaluate whether existing systems (e.g. monitoring software, spreadsheets) meet reporting needs. | P66: Select.... | R66: Tool configuration documents, platform screenshots, internal reports or dashboards
J67: Medium | K67: Medium | L67: =IF(OR(J67="", K67=""), "", IF(OR(J67="High", K67="High"), IF(AND(J67="High", K67="High"), "High", IF(OR(J67="High", K67="Medium", J67="Medium", K67="High"), "High", "Medium")), IF(AND(J67="Medium", K67="Medium"), "Medium", "Low"))) -> Medium | M67: 2 | N67: Basic tools exist but are limited in scope or only partially used. | O67: Implement and configure dedicated tools to track and visualise key environmental indicators. Begin internal reporting and align outputs with decision-making needs.
J68: Low | K68: Low | L68: =IF(OR(J68="", K68=""), "", IF(OR(J68="High", K68="High"), IF(AND(J68="High", K68="High"), "High", IF(OR(J68="High", K68="Medium", J68="Medium", K68="High"), "High", "Medium")), IF(AND(J68="Medium", K68="Medium"), "Medium", "Low"))) -> Low | M68: 3 | N68: Integrated tools/platforms track and report key indicators across the RI. | O68: No action needed. Maintain tool usage and explore opportunities for system integration or external disclosure where applicable.
B69: ='1. Scope & Goals'!B31 -> Pollution, Waste, and Circularity
B70: ='1. Scope & Goals'!B32 -> P1: Reduction of operational waste (incl. e-waste) | C70: Task / activity | D70: P1.1 | E70: Are practices in place to reduce operational waste generation, including e-waste from IT systems and equipment? | F70: Operation | G70: Waste | H70: Volume of e-waste or operational waste per year | I70: WEEE Directive, ISO 14001, EU Circular Economy Action Plan | J70: High | K70: High | L70: =IF(OR(J70="", K70=""), "", IF(OR(J70="High", K70="High"), IF(AND(J70="High", K70="High"), "High", IF(OR(J70="High", K70="Medium", J70="Medium", K70="High"), "High", "Medium")), IF(AND(J70="Medium", K70="Medium"), "Medium", "Low"))) -> High | M70: 1 | N70: No structured practices for waste reduction exist. | O70: Identify main sources of operational and e-waste. Begin implementing basic waste reduction measures (e.g. paperless processes, proper e-waste disposal procedures). | P70: Select.... | R70: Waste logs, recycling records, internal waste reduction procedures
J71: Medium | K71: Medium | L71: =IF(OR(J71="", K71=""), "", IF(OR(J71="High", K71="High"), IF(AND(J71="High", K71="High"), "High", IF(OR(J71="High", K71="Medium", J71="Medium", K71="High"), "High", "Medium")), IF(AND(J71="Medium", K71="Medium"), "Medium", "Low"))) -> Medium | M71: 2 | N71: Some informal or partial practices exist for waste minimisation. | O71: Expand and formalise waste reduction initiatives. Introduce structured e-waste handling, asset tracking, and staff awareness programmes.
J72: Low | K72: Low | L72: =IF(OR(J72="", K72=""), "", IF(OR(J72="High", K72="High"), IF(AND(J72="High", K72="High"), "High", IF(OR(J72="High", K72="Medium", J72="Medium", K72="High"), "High", "Medium")), IF(AND(J72="Medium", K72="Medium"), "Medium", "Low"))) -> Low | M72: 3 | N72: Formal and systematic waste reduction practices are implemented, tracked, and reviewed. | O72: No action needed. Maintain active reduction strategies and consider partnerships for certified e-waste recycling or donation schemes.
B73: ='1. Scope & Goals'!B33 -> P2: End-of-life management for equipment | C73: Task / activity | D73: P2.1 | E73: Does the RI apply defined procedures for the reuse, recycling, or proper disposal of decommissioned equipment? | F73: Termination | G73: Waste | H73: % of equipment reused/recycled vs. disposed | I73: WEEE Directive, ISO 14001, ISO 14006 | J73: High | K73: High | L73: =IF(OR(J73="", K73=""), "", IF(OR(J73="High", K73="High"), IF(AND(J73="High", K73="High"), "High", IF(OR(J73="High", K73="Medium", J73="Medium", K73="High"), "High", "Medium")), IF(AND(J73="Medium", K73="Medium"), "Medium", "Low"))) -> High | M73: 1 | N73: No defined procedures for managing end-of-life equipment. | O73: Develop and document procedures for the proper reuse, recycling, or disposal of decommissioned equipment, in compliance with WEEE or relevant regulations. | P73: Select.... | R73: Decommissioning procedures, asset disposal logs, supplier take-back agreements
J74: Medium | K74: Medium | L74: =IF(OR(J74="", K74=""), "", IF(OR(J74="High", K74="High"), IF(AND(J74="High", K74="High"), "High", IF(OR(J74="High", K74="Medium", J74="Medium", K74="High"), "High", "Medium")), IF(AND(J74="Medium", K74="Medium"), "Medium", "Low"))) -> Medium | M74: 2 | N74: Some practices exist but are informal or inconsistently applied. | O74: Implement procedures and ensure responsible parties follow them consistently. Track decommissioned assets and apply certified disposal or reuse practices.
J75: Low | K75: Low | L75: =IF(OR(J75="", K75=""), "", IF(OR(J75="High", K75="High"), IF(AND(J75="High", K75="High"), "High", IF(OR(J75="High", K75="Medium", J75="Medium", K75="High"), "High", "Medium")), IF(AND(J75="Medium", K75="Medium"), "Medium", "Low"))) -> Low | M75: 3 | N75: Structured procedures ensure responsible reuse, recycling, or disposal of equipment | O75: No action needed. Maintain procedures and consider auditing or reporting results to enhance transparency and continuous improvement.
B76: ='1. Scope & Goals'!B34 -> P3: Circular IT practices (reuse, remanufacturing, modularity) | C76: Task / activity | D76: P3.1 | E76: Are circular IT principles such as reuse, modularity, or refurbishment applied in procurement or infrastructure management? | F76: Design | G76: Waste | H76: % of IT purchases meeting circularity criteria | I76: EU Circular Economy Action Plan, ISO 20400 (Sustainable Procurement) | J76: High | K76: High | L76: =IF(OR(J76="", K76=""), "", IF(OR(J76="High", K76="High"), IF(AND(J76="High", K76="High"), "High", IF(OR(J76="High", K76="Medium", J76="Medium", K76="High"), "High", "Medium")), IF(AND(J76="Medium", K76="Medium"), "Medium", "Low"))) -> High | M76: 1 | N76: Circularity principles are not considered in IT procurement or infrastructure management. | O76: Review procurement and infrastructure policies to identify opportunities to apply circular IT principles (e.g. reuse, modular design, refurbishment). Begin piloting circular approaches in select areas. | P76: Select.... | R76: Procurement guidelines, tender documents, lifecycle impact assessments
J77: Medium | K77: Medium | L77: =IF(OR(J77="", K77=""), "", IF(OR(J77="High", K77="High"), IF(AND(J77="High", K77="High"), "High", IF(OR(J77="High", K77="Medium", J77="Medium", K77="High"), "High", "Medium")), IF(AND(J77="Medium", K77="Medium"), "Medium", "Low"))) -> Medium | M77: 2 | N77: Some criteria (e.g., reuse, modularity) are considered, but application is limited. | O77: Integrate circular IT requirements into procurement specifications and asset management practices. Collaborate with suppliers to support reuse or refurbishment options.
J78: Low | K78: Low | L78: =IF(OR(J78="", K78=""), "", IF(OR(J78="High", K78="High"), IF(AND(J78="High", K78="High"), "High", IF(OR(J78="High", K78="Medium", J78="Medium", K78="High"), "High", "Medium")), IF(AND(J78="Medium", K78="Medium"), "Medium", "Low"))) -> Low | M78: 3 | N78: Circular IT principles are systematically embedded into procurement and lifecycle management. | O78: No action needed. Sustain and refine circular IT practices. Monitor outcomes and explore additional innovation opportunities (e.g. remanufacturing, take-back schemes).
B79: ='1. Scope & Goals'!B35 -> P4: Pollution control (air, water, soil) | C79: Task / activity | D79: P4.1 | E79: Are measures in place to monitor and manage pollution risks related to air, water, or soil emissions from RI operations? | F79: Operation | G79: Waste | H79: Presence and scope of pollution monitoring and control measures | I79: ISO 14001, EU Industrial Emissions Directive, ESRS E2 | J79: High | K79: High | L79: =IF(OR(J79="", K79=""), "", IF(OR(J79="High", K79="High"), IF(AND(J79="High", K79="High"), "High", IF(OR(J79="High", K79="Medium", J79="Medium", K79="High"), "High", "Medium")), IF(AND(J79="Medium", K79="Medium"), "Medium", "Low"))) -> High | M79: 1 | N79: No pollution monitoring or control measures are in place. | O79: Identify potential pollution risks across RI operations (air, water, soil). Begin planning basic monitoring or mitigation actions in line with legal and environmental standards. | P79: Select.... | R79: Environmental monitoring reports, mitigation plans, pollution control system logs
J80: Medium | K80: Medium | L80: =IF(OR(J80="", K80=""), "", IF(OR(J80="High", K80="High"), IF(AND(J80="High", K80="High"), "High", IF(OR(J80="High", K80="Medium", J80="Medium", K80="High"), "High", "Medium")), IF(AND(J80="Medium", K80="Medium"), "Medium", "Low"))) -> Medium | M80: 2 | N80: Some measures exist for specific risks or processes. | O80: Implement monitoring measures (e.g. emission tracking, discharge controls) and integrate them into operational procedures. Ensure staff are trained on pollution management protocols.
J81: Low | K81: Low | L81: =IF(OR(J81="", K81=""), "", IF(OR(J81="High", K81="High"), IF(AND(J81="High", K81="High"), "High", IF(OR(J81="High", K81="Medium", J81="Medium", K81="High"), "High", "Medium")), IF(AND(J81="Medium", K81="Medium"), "Medium", "Low"))) -> Low | M81: 3 | N81: Comprehensive monitoring and mitigation measures are in place and reviewed regularly. | O81: No action needed. Maintain active pollution monitoring and control systems. Conduct periodic reviews and align practices with evolving environmental standards.
B82: ='1. Scope & Goals'!B36 -> P5: Use of low-impact or non-toxic materials | C82: Task / activity | D82: P5.1 | E82: Are environmental criteria applied when selecting materials or products, with preference for low-impact or non-toxic options? | F82: Design | G82: Waste | H82: % of materials/products procured meeting low-impact criteria | I82: ESPR (Ecodesign), EU Green Public Procurement Criteria, ISO 14024 | J82: Medium | K82: High | L82: =IF(OR(J82="", K82=""), "", IF(OR(J82="High", K82="High"), IF(AND(J82="High", K82="High"), "High", IF(OR(J82="High", K82="Medium", J82="Medium", K82="High"), "High", "Medium")), IF(AND(J82="Medium", K82="Medium"), "Medium", "Low"))) -> High | M82: 1 | N82: Environmental aspects are not considered in material or product selection. | O82: Introduce environmental criteria into procurement or product selection processes. Begin prioritising low-impact or non-toxic options, especially for high-volume or high-impact categories. | P82: Select.... | R82: Procurement policies, supplier declarations, product environmental labels
J83: Medium | K83: Medium | L83: =IF(OR(J83="", K83=""), "", IF(OR(J83="High", K83="High"), IF(AND(J83="High", K83="High"), "High", IF(OR(J83="High", K83="Medium", J83="Medium", K83="High"), "High", "Medium")), IF(AND(J83="Medium", K83="Medium"), "Medium", "Low"))) -> Medium | M83: 2 | N83: Some environmental criteria are applied inconsistently or only for select categories. | O83: Formalise and apply environmental criteria across material/product procurement. Refer to ecolabels or standards (e.g. EU Ecolabel, ISO 14024) where applicable.
J84: Low | K84: Low | L84: =IF(OR(J84="", K84=""), "", IF(OR(J84="High", K84="High"), IF(AND(J84="High", K84="High"), "High", IF(OR(J84="High", K84="Medium", J84="Medium", K84="High"), "High", "Medium")), IF(AND(J84="Medium", K84="Medium"), "Medium", "Low"))) -> Low | M84: 3 | N84: Environmental criteria are systematically applied across procurement processes. | O84: No action needed. Maintain current procurement criteria and periodically review for alignment with updated sustainability requirements.
B85: ='1. Scope & Goals'!B37 -> Water and Ecosystems
B86: ='1. Scope & Goals'!B38 -> W1: Water usage monitoring and reduction strategies | C86: Task / activity | D86: W1.1 | E86: To what extent does the RI monitor its water consumption and implement strategies to reduce it? | F86: Operation | G86: Water | H86: Total water use (m³/year), reduction trend (%) | I86: ISO 14046, EU Water Framework Directive | J86: Medium | K86: High | L86: =IF(OR(J86="", K86=""), "", IF(OR(J86="High", K86="High"), IF(AND(J86="High", K86="High"), "High", IF(OR(J86="High", K86="Medium", J86="Medium", K86="High"), "High", "Medium")), IF(AND(J86="Medium", K86="Medium"), "Medium", "Low"))) -> High | M86: 1 | N86: Water consumption is not monitored and no reduction efforts are planned. | O86: Begin monitoring water usage across relevant operations. Identify key consumption points and explore opportunities for reduction (e.g. fixture upgrades, behavioural campaigns). | P86: Select.... | R86: Water bills, consumption logs, reduction plans, monitoring dashboards
J87: Medium | K87: Medium | L87: =IF(OR(J87="", K87=""), "", IF(OR(J87="High", K87="High"), IF(AND(J87="High", K87="High"), "High", IF(OR(J87="High", K87="Medium", J87="Medium", K87="High"), "High", "Medium")), IF(AND(J87="Medium", K87="Medium"), "Medium", "Low"))) -> Medium | M87: 2 | N87: Water use is tracked and some reduction measures are informally applied. | O87: Implement structured water management strategies, such as water-efficient technologies or consumption targets. Regularly track and review water usage data.
J88: Low | K88: Low | L88: =IF(OR(J88="", K88=""), "", IF(OR(J88="High", K88="High"), IF(AND(J88="High", K88="High"), "High", IF(OR(J88="High", K88="Medium", J88="Medium", K88="High"), "High", "Medium")), IF(AND(J88="Medium", K88="Medium"), "Medium", "Low"))) -> Low | M88: 3 | N88: Water use is systematically monitored and targeted reduction plans are implemented and reviewed. | O88: No action needed. Maintain monitoring and review strategies for continuous improvement or integration into broader environmental reporting.
B89: ='1. Scope & Goals'!B39 -> W2: Impact on local ecosystems or biodiversity | C89: Task / activity | D89: W2.1 | E89: Does the RI assess and manage its potential impacts on local ecosystems or biodiversity, particularly for physical infrastructure? | F89: Design | G89: Water | H89: N/A | I89: EU Biodiversity Strategy, ISO 14001, ESRS E4 | J89: Medium | K89: High | L89: =IF(OR(J89="", K89=""), "", IF(OR(J89="High", K89="High"), IF(AND(J89="High", K89="High"), "High", IF(OR(J89="High", K89="Medium", J89="Medium", K89="High"), "High", "Medium")), IF(AND(J89="Medium", K89="Medium"), "Medium", "Low"))) -> High | M89: 1 | N89: Ecosystem or biodiversity impacts are not assessed or considered. | O89: Conduct an initial review of how RI activities or infrastructure may affect local ecosystems or biodiversity. Identify areas of sensitivity and potential impact. | P89: Select.... | R89: Environmental impact assessments, ecological site studies, mitigation or offsetting plans
J90: Medium | K90: Medium | L90: =IF(OR(J90="", K90=""), "", IF(OR(J90="High", K90="High"), IF(AND(J90="High", K90="High"), "High", IF(OR(J90="High", K90="Medium", J90="Medium", K90="High"), "High", "Medium")), IF(AND(J90="Medium", K90="Medium"), "Medium", "Low"))) -> Medium | M90: 2 | N90: Some assessments have been conducted, but mitigation actions are limited. | O90: Apply formal assessment methods (e.g. environmental impact assessments, habitat studies) and implement mitigation strategies to address identified risks.
J91: Low | K91: Low | L91: =IF(OR(J91="", K91=""), "", IF(OR(J91="High", K91="High"), IF(AND(J91="High", K91="High"), "High", IF(OR(J91="High", K91="Medium", J91="Medium", K91="High"), "High", "Medium")), IF(AND(J91="Medium", K91="Medium"), "Medium", "Low"))) -> Low | M91: 3 | N91: Ecosystem impacts are systematically assessed and managed with appropriate mitigation plans. | O91: No action needed. Continue managing ecosystem impacts through structured processes and periodic reassessments, particularly when expanding or modifying infrastructure.
B92: ='1. Scope & Goals'!B40 -> W3: Rainwater harvesting, reuse, or runoff management | C92: Output / Achievement | D92: W3.1 | E92: Are there systems or practices in place for rainwater harvesting, water reuse, or managing stormwater runoff? | F92: Design | G92: Water | H92: % of captured rainwater reused | I92: EU Water Framework Directive, ISO 14046 | J92: Medium | K92: High | L92: =IF(OR(J92="", K92=""), "", IF(OR(J92="High", K92="High"), IF(AND(J92="High", K92="High"), "High", IF(OR(J92="High", K92="Medium", J92="Medium", K92="High"), "High", "Medium")), IF(AND(J92="Medium", K92="Medium"), "Medium", "Low"))) -> High | M92: 1 | N92: No rainwater harvesting or runoff management systems are present or considered. | O92: Assess site infrastructure to identify opportunities for rainwater harvesting or stormwater management. Begin feasibility studies or pilot planning for basic systems. | P92: Select.... | R92: Infrastructure plans, water reuse system specs, site design documentation
J93: Medium | K93: Medium | L93: =IF(OR(J93="", K93=""), "", IF(OR(J93="High", K93="High"), IF(AND(J93="High", K93="High"), "High", IF(OR(J93="High", K93="Medium", J93="Medium", K93="High"), "High", "Medium")), IF(AND(J93="Medium", K93="Medium"), "Medium", "Low"))) -> Medium | M93: 2 | N93: Some measures exist but are limited in scope or capacity. | O93: Install rainwater collection or stormwater control systems. Implement reuse strategies (e.g. for irrigation, cooling) where applicable, and maintain performance records.
J94: Low | K94: Low | L94: =IF(OR(J94="", K94=""), "", IF(OR(J94="High", K94="High"), IF(AND(J94="High", K94="High"), "High", IF(OR(J94="High", K94="Medium", J94="Medium", K94="High"), "High", "Medium")), IF(AND(J94="Medium", K94="Medium"), "Medium", "Low"))) -> Low | M94: 3 | N94: Rainwater harvesting or runoff systems are well-integrated and used for water reuse or management. | O94: No action needed. Maintain existing systems and review effectiveness periodically. Explore optimisation opportunities or expand reuse capacity.
B95: ='1. Scope & Goals'!B41 -> W4: Water-based cooling systems and water efficiency strategies | C95: Task / activity | D95: W4.1 | E95: Does the RI use water-based cooling systems, and are measures in place to optimise their water efficiency and minimise environmental impact? | F95: Operation | G95: Water | H95: Water Usage Effectiveness (WUE), annual water withdrawal for cooling | I95: ISO 30134-9, ESRS E3, EU CoC for Data Centres | J95: Medium | K95: High | L95: =IF(OR(J95="", K95=""), "", IF(OR(J95="High", K95="High"), IF(AND(J95="High", K95="High"), "High", IF(OR(J95="High", K95="Medium", J95="Medium", K95="High"), "High", "Medium")), IF(AND(J95="Medium", K95="Medium"), "Medium", "Low"))) -> High | M95: 1 | N95: Water-based cooling systems are used, but water consumption is not actively monitored or optimised. No clear strategy exists for minimising impact. | O95: Begin tracking water usage related to cooling systems. Identify inefficiencies and research available technologies for reducing consumption or shifting to closed-loop or hybrid systems. | P95: Select.... | R95: WUE data / cooling system specs
J96: Medium | K96: Medium | L96: =IF(OR(J96="", K96=""), "", IF(OR(J96="High", K96="High"), IF(AND(J96="High", K96="High"), "High", IF(OR(J96="High", K96="Medium", J96="Medium", K96="High"), "High", "Medium")), IF(AND(J96="Medium", K96="Medium"), "Medium", "Low"))) -> Medium | M96: 2 | N96: Water consumption for cooling is monitored, and efficiency strategies (e.g. recycling, closed-loop systems) are partially implemented. Environmental considerations are acknowledged but not systematically applied. | O96: Implement water-saving strategies such as evaporative cooling optimisation, water reuse, or integration of hybrid cooling. Document performance and begin setting reduction goals.
J97: Low | K97: Low | L97: =IF(OR(J97="", K97=""), "", IF(OR(J97="High", K97="High"), IF(AND(J97="High", K97="High"), "High", IF(OR(J97="High", K97="Medium", J97="Medium", K97="High"), "High", "Medium")), IF(AND(J97="Medium", K97="Medium"), "Medium", "Low"))) -> Low | M97: 3 | N97: Water efficiency is embedded in cooling system design and operation. WUE is tracked, targets are set, and strategies are actively used to reduce water use and minimise ecological impact. | O97: No action needed. Maintain current best practices, regularly review WUE performance, and update systems based on evolving best-in-class approaches.
B98: ='1. Scope & Goals'!B42 -> Lifecycle Integration
B99: ='1. Scope & Goals'!B43 -> L1: Sustainability embedded in the design phase | C99: Task / activity | D99: L1.1 | E99: To what extent are sustainability considerations integrated into the design and planning of new infrastructure or services? | F99: Design | G99: Non-environmental | H99: N/A | I99: ISO 14006, ESRS E1, ESPR, EU Taxonomy (Substantial Contribution Criteria) | J99: High | K99: High | L99: =IF(OR(J99="", K99=""), "", IF(OR(J99="High", K99="High"), IF(AND(J99="High", K99="High"), "High", IF(OR(J99="High", K99="Medium", J99="Medium", K99="High"), "High", "Medium")), IF(AND(J99="Medium", K99="Medium"), "Medium", "Low"))) -> High | M99: 1 | N99: Sustainability is not considered in the design phase. | O99: Introduce sustainability checkpoints into design and planning processes. Begin referencing basic sustainability principles or guidelines during early-stage decision-making. | P99: Select.... | R99: Design documentation, planning procedures, sustainability review checklists
J100: Medium | K100: Medium | L100: =IF(OR(J100="", K100=""), "", IF(OR(J100="High", K100="High"), IF(AND(J100="High", K100="High"), "High", IF(OR(J100="High", K100="Medium", J100="Medium", K100="High"), "High", "Medium")), IF(AND(J100="Medium", K100="Medium"), "Medium", "Low"))) -> Medium | M100: 2 | N100: Some sustainability aspects are reviewed, but not systematically. | O100: Embed defined sustainability criteria into design frameworks, including materials selection, energy efficiency, and end-of-life considerations. Document decisions and outcomes.
J101: Low | K101: Low | L101: =IF(OR(J101="", K101=""), "", IF(OR(J101="High", K101="High"), IF(AND(J101="High", K101="High"), "High", IF(OR(J101="High", K101="Medium", J101="Medium", K101="High"), "High", "Medium")), IF(AND(J101="Medium", K101="Medium"), "Medium", "Low"))) -> Low | M101: 3 | N101: Sustainability is fully embedded in design/planning processes, with clear criteria and review steps. | O101: No action needed. Maintain integrated sustainability planning and periodically review alignment with updated standards and organisational goals.
...

Sheet 4. Priority&Capability Results
A1: Self Assessment Questionnaire
A2: Capability Results
B4: Topic Area | C4: Scope and goals | E4: Questions | F4: Capability assessment | I4: Targets | J4: Improvement Priority
C5: In Scope | D5: Capability goal | E5: Question code | F5: Level 1 | G5: Level 2 | H5: Level 3
B6: =_xlfn.XLOOKUP(E6,'2-3. Assessment & Actions'!D:D,'2-3. Assessment & Actions'!B:B) -> G1: Alignment with relevant EU regulations (CSRD, ESRS, EED, ESPR, WEEE, LCA, ISO14040, ISO14044) | C6: =_xlfn.XLOOKUP(B6, '1. Scope & Goals'!B:B,'1. Scope & Goals'!C:C) -> Yes | D6: =_xlfn.LET(_xlpm.val,_xlfn.XLOOKUP(B6,'1. Scope & Goals'!B:B,'1. Scope & Goals'!D:D), IF(_xlpm.val="Select…. ","N/A",_xlpm.val)) -> N/A | E6: {=_xlfn.UNIQUE(_xlfn._xlws.FILTER('2-3. Assessment & Actions'!D6:D144, '2-3. Assessment & Actions'!D6:D144<>""))} -> G1.1 | F6: =IF(C6="No", "Not In Scope", IF('2-3. Assessment & Actions'!P6="Select…. ","Not Answered",IF('2-3. Assessment & Actions'!P6>=1,"Passed","Failed"))) -> Not Answered | G6: =IF(C6="No", "Not In Scope", IF('2-3. Assessment & Actions'!P6="Select…. ","Not Answered",IF('2-3. Assessment & Actions'!P6>=2,"Passed","Failed"))) -> Not Answered | H6: =IF(C6="No", "Not In Scope", IF('2-3. Assessment & Actions'!P6="Select…. ","Not Answered",IF('2-3. Assessment & Actions'!P6>=3,"Passed","Failed"))) -> Not Answered | I6: =IF(D6="N/A", "No target set", IF('2-3. Assessment & Actions'!P6="Select…. ", "No results given", IF('2-3. Assessment & Actions'!P6>=D6, "Targets met","Targets not met"))) -> No target set | J6: =IF(C6="No", "Not In Scope", IF('2-3. Assessment & Actions'!P6="Select…. ","Not Answered",IF('2-3. Assessment & Actions'!P6=1,'2-3. Assessment & Actions'!L6,(IF('2-3. Assessment & Actions'!P6=2,'2-3. Assessment & Actions'!L7,'2-3. Assessment & Actions'!L8))))) -> Not Answered
C7: =_xlfn.XLOOKUP(B6, '1. Scope & Goals'!B:B,'1. Scope & Goals'!C:C) -> Yes | D7: =_xlfn.LET(_xlpm.val,_xlfn.XLOOKUP(B6,'1. Scope & Goals'!B:B,'1. Scope & Goals'!D:D), IF(_xlpm.val="Select…. ","N/A",_xlpm.val)) -> N/A | E7: G1.2 | F7: =IF(C7="No", "Not In Scope", IF('2-3. Assessment & Actions'!P9="Select…. ","Not Answered",IF('2-3. Assessment & Actions'!P9>=1,"Passed","Failed"))) -> Not Answered | G7: =IF(C7="No", "Not In Scope", IF('2-3. Assessment & Actions'!P9="Select…. ","Not Answered",IF('2-3. Assessment & Actions'!P9>=2,"Passed","Failed"))) -> Not Answered | H7: =IF(C7="No", "Not In Scope", IF('2-3. Assessment & Actions'!P9="Select…. ","Not Answered",IF('2-3. Assessment & Actions'!P9>=3,"Passed","Failed"))) -> Not Answered | I7: =IF(D7="N/A", "No target set", IF('2-3. Assessment & Actions'!P9="Select…. ", "No results given", IF('2-3. Assessment & Actions'!P9>=D7, "Targets met","Targets not met"))) -> No target set | J7: =IF(C7="No", "Not In Scope", IF('2-3. Assessment & Actions'!P9="Select…. ","Not Answered",IF('2-3. Assessment & Actions'!P9=1,'2-3. Assessment & Actions'!L9,(IF('2-3. Assessment & Actions'!P9=2,'2-3. Assessment & Actions'!L10,'2-3. Assessment & Actions'!L11))))) -> Not Answered
B8: =_xlfn.XLOOKUP(E8,'2-3. Assessment & Actions'!D:D,'2-3. Assessment & Actions'!B:B) -> G2: Existence of a formal environmental sustainability strategy | C8: =_xlfn.XLOOKUP(B8, '1. Scope & Goals'!B:B,'1. Scope & Goals'!C:C) -> Yes | D8: =_xlfn.LET(_xlpm.val,_xlfn.XLOOKUP(B8,'1. Scope & Goals'!B:B,'1. Scope & Goals'!D:D), IF(_xlpm.val="Select…. ","N/A",_xlpm.val)) -> N/A | E8: G2.1 | F8: =IF(C8="No", "Not In Scope", IF('2-3. Assessment & Actions'!P12="Select…. ","Not Answered",IF('2-3. Assessment & Actions'!P12>=1,"Passed","Failed"))) -> Not Answered | G8: =IF(C8="No", "Not In Scope", IF('2-3. Assessment & Actions'!P12="Select…. ","Not Answered",IF('2-3. Assessment & Actions'!P12>=2,"Passed","Failed"))) -> Not Answered | H8: =IF(C8="No", "Not In Scope", IF('2-3. Assessment & Actions'!P12="Select…. ","Not Answered",IF('2-3. Assessment & Actions'!P12>=3,"Passed","Failed"))) -> Not Answered | I8: =IF(D8="N/A", "No target set", IF('2-3. Assessment & Actions'!P12="Select…. ", "No results given", IF('2-3. Assessment & Actions'!P12>=D8, "Targets met","Targets not met"))) -> No target set | J8: =IF(C8="No", "Not In Scope", IF('2-3. Assessment & Actions'!P12="Select…. ","Not Answered",IF('2-3. Assessment & Actions'!P12=1,'2-3. Assessment & Actions'!L12,(IF('2-3. Assessment & Actions'!P12=2,'2-3. Assessment & Actions'!L13,'2-3. Assessment & Actions'!L14))))) -> Not Answered
B9: =_xlfn.XLOOKUP(E9,'2-3. Assessment & Actions'!D:D,'2-3. Assessment & Actions'!B:B) -> G3: Defined roles and responsibilities for sustainability | C9: =_xlfn.XLOOKUP(B9, '1. Scope & Goals'!B:B,'1. Scope & Goals'!C:C) -> Yes | D9: =_xlfn.LET(_xlpm.val,_xlfn.XLOOKUP(B9,'1. Scope & Goals'!B:B,'1. Scope & Goals'!D:D), IF(_xlpm.val="Select…. ","N/A",_xlpm.val)) -> N/A | E9: G3.1 | F9: =IF(C9="No", "Not In Scope", IF('2-3. Assessment & Actions'!P15="Select…. ","Not Answered",IF('2-3. Assessment & Actions'!P15>=1,"Passed","Failed"))) -> Not Answered | G9: =IF(C9="No", "Not In Scope", IF('2-3. Assessment & Actions'!P15="Select…. ","Not Answered",IF('2-3. Assessment & Actions'!P15>=2,"Passed","Failed"))) -> Not Answered | H9: =IF(C9="No", "Not In Scope", IF('2-3. Assessment & Actions'!P15="Select…. ","Not Answered",IF('2-3. Assessment & Actions'!P15>=3,"Passed","Failed"))) -> Not Answered | I9: =IF(D9="N/A", "No target set", IF('2-3. Assessment & Actions'!P15="Select…. ", "No results given", IF('2-3. Assessment & Actions'!P15>=D9, "Targets met","Targets not met"))) -> No target set | J9: =IF(C9="No", "Not In Scope", IF('2-3. Assessment & Actions'!P15="Select…. ","Not Answered",IF('2-3. Assessment & Actions'!P15=1,'2-3. Assessment & Actions'!L15,(IF('2-3. Assessment & Actions'!P15=2,'2-3. Assessment & Actions'!L16,'2-3. Assessment & Actions'!L17))))) -> Not Answered
B10: =_xlfn.XLOOKUP(E10,'2-3. Assessment & Actions'!D:D,'2-3. Assessment & Actions'!B:B) -> G4: Inclusion of sustainability in internal policies or quality systems | C10: =_xlfn.XLOOKUP(B10, '1. Scope & Goals'!B:B,'1. Scope & Goals'!C:C) -> Yes | D10: =_xlfn.LET(_xlpm.val,_xlfn.XLOOKUP(B10,'1. Scope & Goals'!B:B,'1. Scope & Goals'!D:D), IF(_xlpm.val="Select…. ","N/A",_xlpm.val)) -> N/A | E10: G4.1 | F10: =IF(C10="No", "Not In Scope", IF('2-3. Assessment & Actions'!P18="Select…. ","Not Answered",IF('2-3. Assessment & Actions'!P18>=1,"Passed","Failed"))) -> Not Answered | G10: =IF(C10="No", "Not In Scope", IF('2-3. Assessment & Actions'!P18="Select…. ","Not Answered",IF('2-3. Assessment & Actions'!P18>=2,"Passed","Failed"))) -> Not Answered | H10: =IF(C10="No", "Not In Scope", IF('2-3. Assessment & Actions'!P18="Select…. ","Not Answered",IF('2-3. Assessment & Actions'!P18>=3,"Passed","Failed"))) -> Not Answered | I10: =IF(D10="N/A", "No target set", IF('2-3. Assessment & Actions'!P18="Select…. ", "No results given", IF('2-3. Assessment & Actions'!P18>=D10, "Targets met","Targets not met"))) -> No target set | J10: =IF(C10="No", "Not In Scope", IF('2-3. Assessment & Actions'!P18="Select…. ","Not Answered",IF('2-3. Assessment & Actions'!P18=1,'2-3. Assessment & Actions'!L18,(IF('2-3. Assessment & Actions'!P18=2,'2-3. Assessment & Actions'!L19,'2-3. Assessment & Actions'!L20))))) -> Not Answered
B11: =_xlfn.XLOOKUP(E11,'2-3. Assessment & Actions'!D:D,'2-3. Assessment & Actions'!B:B) -> G5: Inclusion of sustainability in procurement or supplier management | C11: =_xlfn.XLOOKUP(B11, '1. Scope & Goals'!B:B,'1. Scope & Goals'!C:C) -> Yes | D11: =_xlfn.LET(_xlpm.val,_xlfn.XLOOKUP(B11,'1. Scope & Goals'!B:B,'1. Scope & Goals'!D:D), IF(_xlpm.val="Select…. ","N/A",_xlpm.val)) -> N/A | E11: G5.1 | F11: =IF(C11="No", "Not In Scope", IF('2-3. Assessment & Actions'!P21="Select…. ","Not Answered",IF('2-3. Assessment & Actions'!P21>=1,"Passed","Failed"))) -> Not Answered | G11: =IF(C11="No", "Not In Scope", IF('2-3. Assessment & Actions'!P21="Select…. ","Not Answered",IF('2-3. Assessment & Actions'!P21>=2,"Passed","Failed"))) -> Not Answered | H11: =IF(C11="No", "Not In Scope", IF('2-3. Assessment & Actions'!P21="Select…. ","Not Answered",IF('2-3. Assessment & Actions'!P21>=3,"Passed","Failed"))) -> Not Answered | I11: =IF(D11="N/A", "No target set", IF('2-3. Assessment & Actions'!P21="Select…. ", "No results given", IF('2-3. Assessment & Actions'!P21>=D11, "Targets met","Targets not met"))) -> No target set | J11: =IF(C11="No", "Not In Scope", IF('2-3. Assessment & Actions'!P21="Select…. ","Not Answered",IF('2-3. Assessment & Actions'!P21=1,'2-3. Assessment & Actions'!L21,(IF('2-3. Assessment & Actions'!P21=2,'2-3. Assessment & Actions'!L22,'2-3. Assessment & Actions'!L23))))) -> Not Answered
B12: =_xlfn.XLOOKUP(E12,'2-3. Assessment & Actions'!D:D,'2-3. Assessment & Actions'!B:B) -> S1: Sustainability awareness/training for staff | C12: =_xlfn.XLOOKUP(B12, '1. Scope & Goals'!B:B,'1. Scope & Goals'!C:C) -> Yes | D12: =_xlfn.LET(_xlpm.val,_xlfn.XLOOKUP(B12,'1. Scope & Goals'!B:B,'1. Scope & Goals'!D:D), IF(_xlpm.val="Select…. ","N/A",_xlpm.val)) -> N/A | E12: S1.1 | F12: =IF(C12="No", "Not In Scope", IF('2-3. Assessment & Actions'!P25="Select…. ","Not Answered",IF('2-3. Assessment & Actions'!P25>=1,"Passed","Failed"))) -> Not Answered | G12: =IF(D12="No", "Not In Scope", IF('2-3. Assessment & Actions'!P25="Select…. ","Not Answered",IF('2-3. Assessment & Actions'!P25>=2,"Passed","Failed"))) -> Not Answered | H12: =IF(C12="No", "Not In Scope", IF('2-3. Assessment & Actions'!P25="Select…. ","Not Answered",IF('2-3. Assessment & Actions'!P25>=3,"Passed","Failed"))) -> Not Answered | I12: =IF(D12="N/A", "No target set", IF('2-3. Assessment & Actions'!P25="Select…. ", "No results given", IF('2-3. Assessment & Actions'!P25>=D12, "Targets met","Targets not met"))) -> No target set | J12: =IF(C12="No", "Not In Scope", IF('2-3. Assessment & Actions'!P25="Select…. ","Not Answered",IF('2-3. Assessment & Actions'!P25=1,'2-3. Assessment & Actions'!L25,(IF('2-3. Assessment & Actions'!P25=2,'2-3. Assessment & Actions'!L26,'2-3. Assessment & Actions'!L27))))) -> Not Answered
B13: =_xlfn.XLOOKUP(E13,'2-3. Assessment & Actions'!D:D,'2-3. Assessment & Actions'!B:B) -> S2: Involvement of stakeholders in environmental planning | C13: =_xlfn.XLOOKUP(B13, '1. Scope & Goals'!B:B,'1. Scope & Goals'!C:C) -> Yes | D13: =_xlfn.LET(_xlpm.val,_xlfn.XLOOKUP(B13,'1. Scope & Goals'!B:B,'1. Scope & Goals'!D:D), IF(_xlpm.val="Select…. ","N/A",_xlpm.val)) -> N/A | E13: S2.1 | F13: =IF(C13="No", "Not In Scope", IF('2-3. Assessment & Actions'!P28="Select…. ","Not Answered",IF('2-3. Assessment & Actions'!P28>=1,"Passed","Failed"))) -> Not Answered | G13: =IF(C13="No", "Not In Scope", IF('2-3. Assessment & Actions'!P28="Select…. ","Not Answered",IF('2-3. Assessment & Actions'!P28>=2,"Passed","Failed"))) -> Not Answered | H13: =IF(C13="No", "Not In Scope", IF('2-3. Assessment & Actions'!P28="Select…. ","Not Answered",IF('2-3. Assessment & Actions'!P28>=3,"Passed","Failed"))) -> Not Answered | I13: =IF(D13="N/A", "No target set", IF('2-3. Assessment & Actions'!P28="Select…. ", "No results given", IF('2-3. Assessment & Actions'!P28>=D13, "Targets met","Targets not met"))) -> No target set | J13: =IF(C13="No", "Not In Scope", IF('2-3. Assessment & Actions'!P28="Select…. ","Not Answered",IF('2-3. Assessment & Actions'!P28=1,'2-3. Assessment & Actions'!L28,(IF('2-3. Assessment & Actions'!P28=2,'2-3. Assessment & Actions'!L29,'2-3. Assessment & Actions'!L30))))) -> Not Answered
B14: =_xlfn.XLOOKUP(E14,'2-3. Assessment & Actions'!D:D,'2-3. Assessment & Actions'!B:B) -> S3: Transparent communication of environmental performance | C14: =_xlfn.XLOOKUP(B14, '1. Scope & Goals'!B:B,'1. Scope & Goals'!C:C) -> Yes | D14: =_xlfn.LET(_xlpm.val,_xlfn.XLOOKUP(B14,'1. Scope & Goals'!B:B,'1. Scope & Goals'!D:D), IF(_xlpm.val="Select…. ","N/A",_xlpm.val)) -> N/A | E14: S3.1 | F14: =IF(C14="No", "Not In Scope", IF('2-3. Assessment & Actions'!P31="Select…. ","Not Answered",IF('2-3. Assessment & Actions'!P31>=1,"Passed","Failed"))) -> Not Answered | G14: =IF(C14="No", "Not In Scope", IF('2-3. Assessment & Actions'!P31="Select…. ","Not Answered",IF('2-3. Assessment & Actions'!P31>=2,"Passed","Failed"))) -> Not Answered | H14: =IF(C14="No", "Not In Scope", IF('2-3. Assessment & Actions'!P31="Select…. ","Not Answered",IF('2-3. Assessment & Actions'!P31>=3,"Passed","Failed"))) -> Not Answered | I14: =IF(D14="N/A", "No target set", IF('2-3. Assessment & Actions'!P31="Select…. ", "No results given", IF('2-3. Assessment & Actions'!P31>=D14, "Targets met","Targets not met"))) -> No target set | J14: =IF(C14="No", "Not In Scope", IF('2-3. Assessment & Actions'!P31="Select…. ","Not Answered",IF('2-3. Assessment & Actions'!P31=1,'2-3. Assessment & Actions'!L31,(IF('2-3. Assessment & Actions'!P31=2,'2-3. Assessment & Actions'!L32,'2-3. Assessment & Actions'!L33))))) -> Not Answered
B15: =_xlfn.XLOOKUP(E15,'2-3. Assessment & Actions'!D:D,'2-3. Assessment & Actions'!B:B) -> E1: Adoption of renewable energy sources | C15: =_xlfn.XLOOKUP(B15, '1. Scope & Goals'!B:B,'1. Scope & Goals'!C:C) -> Yes | D15: =_xlfn.LET(_xlpm.val,_xlfn.XLOOKUP(B15,'1. Scope & Goals'!B:B,'1. Scope & Goals'!D:D), IF(_xlpm.val="Select…. ","N/A",_xlpm.val)) -> N/A | E15: E1.1 | F15: =IF(C15="No", "Not In Scope", IF('2-3. Assessment & Actions'!P35="Select…. ","Not Answered",IF('2-3. Assessment & Actions'!P35>=1,"Passed","Failed"))) -> Not Answered | G15: =IF(C15="No", "Not In Scope", IF('2-3. Assessment & Actions'!P35="Select…. ","Not Answered",IF('2-3. Assessment & Actions'!P35>=2,"Passed","Failed"))) -> Not Answered | H15: =IF(C15="No", "Not In Scope", IF('2-3. Assessment & Actions'!P35="Select…. ","Not Answered",IF('2-3. Assessment & Actions'!P35>=3,"Passed","Failed"))) -> Not Answered | I15: =IF(D15="N/A", "No target set", IF('2-3. Assessment & Actions'!P35="Select…. ", "No results given", IF('2-3. Assessment & Actions'!P35>=D15, "Targets met","Targets not met"))) -> No target set | J15: =IF(C15="No", "Not In Scope", IF('2-3. Assessment & Actions'!P35="Select…. ","Not Answered",IF('2-3. Assessment & Actions'!P35=1,'2-3. Assessment & Actions'!L35,(IF('2-3. Assessment & Actions'!P35=2,'2-3. Assessment & Actions'!L36,'2-3. Assessment & Actions'!L37))))) -> Not Answered
B16: =_xlfn.XLOOKUP(E16,'2-3. Assessment & Actions'!D:D,'2-3. Assessment & Actions'!B:B) -> E2: AI-driven workload or energy optimisation | C16: =_xlfn.XLOOKUP(B16, '1. Scope & Goals'!B:B,'1. Scope & Goals'!C:C) -> Yes | D16: =_xlfn.LET(_xlpm.val,_xlfn.XLOOKUP(B16,'1. Scope & Goals'!B:B,'1. Scope & Goals'!D:D), IF(_xlpm.val="Select…. ","N/A",_xlpm.val)) -> N/A | E16: E2.1 | F16: =IF(C16="No", "Not In Scope", IF('2-3. Assessment & Actions'!P38="Select…. ","Not Answered",IF('2-3. Assessment & Actions'!P38>=1,"Passed","Failed"))) -> Not Answered | G16: =IF(C16="No", "Not In Scope", IF('2-3. Assessment & Actions'!P38="Select…. ","Not Answered",IF('2-3. Assessment & Actions'!P38>=2,"Passed","Failed"))) -> Not Answered | H16: =IF(C16="No", "Not In Scope", IF('2-3. Assessment & Actions'!P38="Select…. ","Not Answered",IF('2-3. Assessment & Actions'!P38>=3,"Passed","Failed"))) -> Not Answered | I16: =IF(D16="N/A", "No target set", IF('2-3. Assessment & Actions'!P38="Select…. ", "No results given", IF('2-3. Assessment & Actions'!P38>=D16, "Targets met","Targets not met"))) -> No target set | J16: =IF(C16="No", "Not In Scope", IF('2-3. Assessment & Actions'!P38="Select…. ","Not Answered",IF('2-3. Assessment & Actions'!P38=1,'2-3. Assessment & Actions'!L38,(IF('2-3. Assessment & Actions'!P38=2,'2-3. Assessment & Actions'!L39,'2-3. Assessment & Actions'!L40))))) -> Not Answered
B17: =_xlfn.XLOOKUP(E17,'2-3. Assessment & Actions'!D:D,'2-3. Assessment & Actions'!B:B) -> E3: Waste heat recovery or reuse strategies | C17: =_xlfn.XLOOKUP(B17, '1. Scope & Goals'!B:B,'1. Scope & Goals'!C:C) -> Yes | D17: =_xlfn.LET(_xlpm.val,_xlfn.XLOOKUP(B17,'1. Scope & Goals'!B:B,'1. Scope & Goals'!D:D), IF(_xlpm.val="Select…. ","N/A",_xlpm.val)) -> N/A | E17: E3.1 | F17: =IF(C17="No", "Not In Scope", IF('2-3. Assessment & Actions'!P41="Select…. ","Not Answered",IF('2-3. Assessment & Actions'!P41>=1,"Passed","Failed"))) -> Not Answered | G17: =IF(C17="No", "Not In Scope", IF('2-3. Assessment & Actions'!P41="Select…. ","Not Answered",IF('2-3. Assessment & Actions'!P41>=2,"Passed","Failed"))) -> Not Answered | H17: =IF(C17="No", "Not In Scope", IF('2-3. Assessment & Actions'!P41="Select…. ","Not Answered",IF('2-3. Assessment & Actions'!P41>=3,"Passed","Failed"))) -> Not Answered | I17: =IF(D17="N/A", "No target set", IF('2-3. Assessment & Actions'!P41="Select…. ", "No results given", IF('2-3. Assessment & Actions'!P41>=D17, "Targets met","Targets not met"))) -> No target set | J17: =IF(C17="No", "Not In Scope", IF('2-3. Assessment & Actions'!P41="Select…. ","Not Answered",IF('2-3. Assessment & Actions'!P41=1,'2-3. Assessment & Actions'!L41,(IF('2-3. Assessment & Actions'!P41=2,'2-3. Assessment & Actions'!L42,'2-3. Assessment & Actions'!L43))))) -> Not Answered
B18: =_xlfn.XLOOKUP(E18,'2-3. Assessment & Actions'!D:D,'2-3. Assessment & Actions'!B:B) -> E4: Power Usage Effectiveness (PUE) tracking and optimisation | C18: =_xlfn.XLOOKUP(B18, '1. Scope & Goals'!B:B,'1. Scope & Goals'!C:C) -> Yes | D18: =_xlfn.LET(_xlpm.val,_xlfn.XLOOKUP(B18,'1. Scope & Goals'!B:B,'1. Scope & Goals'!D:D), IF(_xlpm.val="Select…. ","N/A",_xlpm.val)) -> N/A | E18: E4.1 | F18: =IF(C18="No", "Not In Scope", IF('2-3. Assessment & Actions'!P44="Select…. ","Not Answered",IF('2-3. Assessment & Actions'!P44>=1,"Passed","Failed"))) -> Not Answered | G18: =IF(C18="No", "Not In Scope", IF('2-3. Assessment & Actions'!P44="Select…. ","Not Answered",IF('2-3. Assessment & Actions'!P44>=2,"Passed","Failed"))) -> Not Answered | H18: =IF(C18="No", "Not In Scope", IF('2-3. Assessment & Actions'!P44="Select…. ","Not Answered",IF('2-3. Assessment & Actions'!P44>=3,"Passed","Failed"))) -> Not Answered | I18: =IF(D18="N/A", "No target set", IF('2-3. Assessment & Actions'!P44="Select…. ", "No results given", IF('2-3. Assessment & Actions'!P44>=D18, "Targets met","Targets not met"))) -> No target set | J18: =IF(C18="No", "Not In Scope", IF('2-3. Assessment & Actions'!P44="Select…. ","Not Answered",IF('2-3. Assessment & Actions'!P44=1,'2-3. Assessment & Actions'!L44,(IF('2-3. Assessment & Actions'!P44=2,'2-3. Assessment & Actions'!L45,'2-3. Assessment & Actions'!L46))))) -> Not Answered
B19: =_xlfn.XLOOKUP(E19,'2-3. Assessment & Actions'!D:D,'2-3. Assessment & Actions'!B:B) -> E5: Carbon Use Effectiveness (CUE) tracking and reduction | C19: =_xlfn.XLOOKUP(B19, '1. Scope & Goals'!B:B,'1. Scope & Goals'!C:C) -> Yes | D19: =_xlfn.LET(_xlpm.val,_xlfn.XLOOKUP(B19,'1. Scope & Goals'!B:B,'1. Scope & Goals'!D:D), IF(_xlpm.val="Select…. ","N/A",_xlpm.val)) -> N/A | E19: E5.1 | F19: =IF(C19="No", "Not In Scope", IF('2-3. Assessment & Actions'!P47="Select…. ","Not Answered",IF('2-3. Assessment & Actions'!P47>=1,"Passed","Failed"))) -> Not Answered | G19: =IF(C19="No", "Not In Scope", IF('2-3. Assessment & Actions'!P47="Select…. ","Not Answered",IF('2-3. Assessment & Actions'!P47>=2,"Passed","Failed"))) -> Not Answered | H19: =IF(C19="No", "Not In Scope", IF('2-3. Assessment & Actions'!P47="Select…. ","Not Answered",IF('2-3. Assessment & Actions'!P47>=3,"Passed","Failed"))) -> Not Answered | I19: =IF(D19="N/A", "No target set", IF('2-3. Assessment & Actions'!P47="Select…. ", "No results given", IF('2-3. Assessment & Actions'!P47>=D19, "Targets met","Targets not met"))) -> No target set | J19: =IF(C19="No", "Not In Scope", IF('2-3. Assessment & Actions'!P47="Select…. ","Not Answered",IF('2-3. Assessment & Actions'!P47=1,'2-3. Assessment & Actions'!L47,(IF('2-3. Assessment & Actions'!P47=2,'2-3. Assessment & Actions'!L48,'2-3. Assessment & Actions'!L49))))) -> Not Answered
B20: =_xlfn.XLOOKUP(E20,'2-3. Assessment & Actions'!D:D,'2-3. Assessment & Actions'!B:B) -> E6: Flexible energy usage or smart grid responsiveness | C20: =_xlfn.XLOOKUP(B20, '1. Scope & Goals'!B:B,'1. Scope & Goals'!C:C) -> Yes | D20: =_xlfn.LET(_xlpm.val,_xlfn.XLOOKUP(B20,'1. Scope & Goals'!B:B,'1. Scope & Goals'!D:D), IF(_xlpm.val="Select…. ","N/A",_xlpm.val)) -> N/A | E20: E6.1 | F20: =IF(C20="No", "Not In Scope", IF('2-3. Assessment & Actions'!P50="Select…. ","Not Answered",IF('2-3. Assessment & Actions'!P50>=1,"Passed","Failed"))) -> Not Answered | G20: =IF(C20="No", "Not In Scope", IF('2-3. Assessment & Actions'!P50="Select…. ","Not Answered",IF('2-3. Assessment & Actions'!P50>=2,"Passed","Failed"))) -> Not Answered | H20: =IF(C20="No", "Not In Scope", IF('2-3. Assessment & Actions'!P50="Select…. ","Not Answered",IF('2-3. Assessment & Actions'!P50>=3,"Passed","Failed"))) -> Not Answered | I20: =IF(D20="N/A", "No target set", IF('2-3. Assessment & Actions'!P50="Select…. ", "No results given", IF('2-3. Assessment & Actions'!P50>=D20, "Targets met","Targets not met"))) -> No target set | J20: =IF(C20="No", "Not In Scope", IF('2-3. Assessment & Actions'!P50="Select…. ","Not Answered",IF('2-3. Assessment & Actions'!P50=1,'2-3. Assessment & Actions'!L50,(IF('2-3. Assessment & Actions'!P50=2,'2-3. Assessment & Actions'!L51,'2-3. Assessment & Actions'!L52))))) -> Not Answered
B21: =_xlfn.XLOOKUP(E21,'2-3. Assessment & Actions'!D:D,'2-3. Assessment & Actions'!B:B) -> M1: Measurement of environmental KPIs (GHG, energy, water, waste) | C21: =_xlfn.XLOOKUP(B21, '1. Scope & Goals'!B:B,'1. Scope & Goals'!C:C) -> Yes | D21: =_xlfn.LET(_xlpm.val,_xlfn.XLOOKUP(B21,'1. Scope & Goals'!B:B,'1. Scope & Goals'!D:D), IF(_xlpm.val="Select…. ","N/A",_xlpm.val)) -> N/A | E21: M1.1 | F21: =IF(C21="No", "Not In Scope", IF('2-3. Assessment & Actions'!P54="Select…. ","Not Answered",IF('2-3. Assessment & Actions'!P54>=1,"Passed","Failed"))) -> Not Answered | G21: =IF(C21="No", "Not In Scope", IF('2-3. Assessment & Actions'!P54="Select…. ","Not Answered",IF('2-3. Assessment & Actions'!P54>=2,"Passed","Failed"))) -> Not Answered | H21: =IF(C21="No", "Not In Scope", IF('2-3. Assessment & Actions'!P54="Select…. ","Not Answered",IF('2-3. Assessment & Actions'!P54>=3,"Passed","Failed"))) -> Not Answered | I21: =IF(D21="N/A", "No target set", IF('2-3. Assessment & Actions'!P54="Select…. ", "No results given", IF('2-3. Assessment & Actions'!P54>=D21, "Targets met","Targets not met"))) -> No target set | J21: =IF(C21="No", "Not In Scope", IF('2-3. Assessment & Actions'!P54="Select…. ","Not Answered",IF('2-3. Assessment & Actions'!P54=1,'2-3. Assessment & Actions'!L54,(IF('2-3. Assessment & Actions'!P54=2,'2-3. Assessment & Actions'!L55,'2-3. Assessment & Actions'!L56))))) -> Not Answered
B22: =_xlfn.XLOOKUP(E22,'2-3. Assessment & Actions'!D:D,'2-3. Assessment & Actions'!B:B) -> M2: Use of environmental metrics in planning and reporting | C22: =_xlfn.XLOOKUP(B22, '1. Scope & Goals'!B:B,'1. Scope & Goals'!C:C) -> Yes | D22: =_xlfn.LET(_xlpm.val,_xlfn.XLOOKUP(B22,'1. Scope & Goals'!B:B,'1. Scope & Goals'!D:D), IF(_xlpm.val="Select…. ","N/A",_xlpm.val)) -> N/A | E22: M2.1 | F22: =IF(C22="No", "Not In Scope", IF('2-3. Assessment & Actions'!P57="Select…. ","Not Answered",IF('2-3. Assessment & Actions'!P57>=1,"Passed","Failed"))) -> Not Answered | G22: =IF(C22="No", "Not In Scope", IF('2-3. Assessment & Actions'!P57="Select…. ","Not Answered",IF('2-3. Assessment & Actions'!P57>=2,"Passed","Failed"))) -> Not Answered | H22: =IF(C22="No", "Not In Scope", IF('2-3. Assessment & Actions'!P57="Select…. ","Not Answered",IF('2-3. Assessment & Actions'!P57>=3,"Passed","Failed"))) -> Not Answered | I22: =IF(D22="N/A", "No target set", IF('2-3. Assessment & Actions'!P57="Select…. ", "No results given", IF('2-3. Assessment & Actions'!P57>=D22, "Targets met","Targets not met"))) -> No target set | J22: =IF(C22="No", "Not In Scope", IF('2-3. Assessment & Actions'!P57="Select…. ","Not Answered",IF('2-3. Assessment & Actions'!P57=1,'2-3. Assessment & Actions'!L57,(IF('2-3. Assessment & Actions'!P57=2,'2-3. Assessment & Actions'!L58,'2-3. Assessment & Actions'!L59))))) -> Not Answered
B23: =_xlfn.XLOOKUP(E23,'2-3. Assessment & Actions'!D:D,'2-3. Assessment & Actions'!B:B) -> M3: Lifecycle-based environmental impact assessment (based on LCA methodology) | C23: =_xlfn.XLOOKUP(B23, '1. Scope & Goals'!B:B,'1. Scope & Goals'!C:C) -> Yes | D23: =_xlfn.LET(_xlpm.val,_xlfn.XLOOKUP(B23,'1. Scope & Goals'!B:B,'1. Scope & Goals'!D:D), IF(_xlpm.val="Select…. ","N/A",_xlpm.val)) -> N/A | E23: M3.1 | F23: =IF(C23="No", "Not In Scope", IF('2-3. Assessment & Actions'!P60="Select…. ","Not Answered",IF('2-3. Assessment & Actions'!P60>=1,"Passed","Failed"))) -> Not Answered | G23: =IF(C23="No", "Not In Scope", IF('2-3. Assessment & Actions'!P60="Select…. ","Not Answered",IF('2-3. Assessment & Actions'!P60>=2,"Passed","Failed"))) -> Not Answered | H23: =IF(C23="No", "Not In Scope", IF('2-3. Assessment & Actions'!P60="Select…. ","Not Answered",IF('2-3. Assessment & Actions'!P60>=3,"Passed","Failed"))) -> Not Answered | I23: =IF(D23="N/A", "No target set", IF('2-3. Assessment & Actions'!P60="Select…. ", "No results given", IF('2-3. Assessment & Actions'!P60>=D23, "Targets met","Targets not met"))) -> No target set | J23: =IF(C23="No", "Not In Scope", IF('2-3. Assessment & Actions'!P60="Select…. ","Not Answered",IF('2-3. Assessment & Actions'!P60=1,'2-3. Assessment & Actions'!L60,(IF('2-3. Assessment & Actions'!P60=2,'2-3. Assessment & Actions'!L61,'2-3. Assessment & Actions'!L62))))) -> Not Answered
B24: =_xlfn.XLOOKUP(E24,'2-3. Assessment & Actions'!D:D,'2-3. Assessment & Actions'!B:B) -> M4: Use of WUE (Water Usage Effectiveness) or similar water metrics | C24: =_xlfn.XLOOKUP(B24, '1. Scope & Goals'!B:B,'1. Scope & Goals'!C:C) -> Yes | D24: =_xlfn.LET(_xlpm.val,_xlfn.XLOOKUP(B24,'1. Scope & Goals'!B:B,'1. Scope & Goals'!D:D), IF(_xlpm.val="Select…. ","N/A",_xlpm.val)) -> N/A | E24: M4.1 | F24: =IF(C24="No", "Not In Scope", IF('2-3. Assessment & Actions'!P63="Select…. ","Not Answered",IF('2-3. Assessment & Actions'!P63>=1,"Passed","Failed"))) -> Not Answered | G24: =IF(C24="No", "Not In Scope", IF('2-3. Assessment & Actions'!P63="Select…. ","Not Answered",IF('2-3. Assessment & Actions'!P63>=2,"Passed","Failed"))) -> Not Answered | H24: =IF(C24="No", "Not In Scope", IF('2-3. Assessment & Actions'!P63="Select…. ","Not Answered",IF('2-3. Assessment & Actions'!P63>=3,"Passed","Failed"))) -> Not Answered | I24: =IF(D24="N/A", "No target set", IF('2-3. Assessment & Actions'!P63="Select…. ", "No results given", IF('2-3. Assessment & Actions'!P63>=D24, "Targets met","Targets not met"))) -> No target set | J24: =IF(C24="No", "Not In Scope", IF('2-3. Assessment & Actions'!P63="Select…. ","Not Answered",IF('2-3. Assessment & Actions'!P63=1,'2-3. Assessment & Actions'!L64,(IF('2-3. Assessment & Actions'!P63=2,'2-3. Assessment & Actions'!L64,'2-3. Assessment & Actions'!L65))))) -> Not Answered
B25: =_xlfn.XLOOKUP(E25,'2-3. Assessment & Actions'!D:D,'2-3. Assessment & Actions'!B:B) -> M5: Implementation of monitoring tools/platforms | C25: =_xlfn.XLOOKUP(B25, '1. Scope & Goals'!B:B,'1. Scope & Goals'!C:C) -> Yes | D25: =_xlfn.LET(_xlpm.val,_xlfn.XLOOKUP(B25,'1. Scope & Goals'!B:B,'1. Scope & Goals'!D:D), IF(_xlpm.val="Select…. ","N/A",_xlpm.val)) -> N/A | E25: M5.1 | F25: =IF(C25="No", "Not In Scope", IF('2-3. Assessment & Actions'!P66="Select…. ","Not Answered",IF('2-3. Assessment & Actions'!P66>=1,"Passed","Failed"))) -> Not Answered | G25: =IF(D25="No", "Not In Scope", IF('2-3. Assessment & Actions'!P66="Select…. ","Not Answered",IF('2-3. Assessment & Actions'!P66>=2,"Passed","Failed"))) -> Not Answered | H25: =IF(C25="No", "Not In Scope", IF('2-3. Assessment & Actions'!P66="Select…. ","Not Answered",IF('2-3. Assessment & Actions'!P66>=3,"Passed","Failed"))) -> Not Answered | I25: =IF(D25="N/A", "No target set", IF('2-3. Assessment & Actions'!P66="Select…. ", "No results given", IF('2-3. Assessment & Actions'!P66>=D25, "Targets met","Targets not met"))) -> No target set | J25: =IF(C25="No", "Not In Scope", IF('2-3. Assessment & Actions'!P66="Select…. ","Not Answered",IF('2-3. Assessment & Actions'!P66=1,'2-3. Assessment & Actions'!L66,(IF('2-3. Assessment & Actions'!P66=2,'2-3. Assessment & Actions'!L67,'2-3. Assessment & Actions'!L68))))) -> Not Answered
B26: =_xlfn.XLOOKUP(E26,'2-3. Assessment & Actions'!D:D,'2-3. Assessment & Actions'!B:B) -> P1: Reduction of operational waste (incl. e-waste) | C26: =_xlfn.XLOOKUP(B26, '1. Scope & Goals'!B:B,'1. Scope & Goals'!C:C) -> Yes | D26: =_xlfn.LET(_xlpm.val,_xlfn.XLOOKUP(B26,'1. Scope & Goals'!B:B,'1. Scope & Goals'!D:D), IF(_xlpm.val="Select…. ","N/A",_xlpm.val)) -> N/A | E26: P1.1 | F26: =IF(C26="No", "Not In Scope", IF('2-3. Assessment & Actions'!P70="Select…. ","Not Answered",IF('2-3. Assessment & Actions'!P70>=1,"Passed","Failed"))) -> Not Answered | G26: =IF(C26="No", "Not In Scope", IF('2-3. Assessment & Actions'!P70="Select…. ","Not Answered",IF('2-3. Assessment & Actions'!P70>=2,"Passed","Failed"))) -> Not Answered | H26: =IF(C26="No", "Not In Scope", IF('2-3. Assessment & Actions'!P70="Select…. ","Not Answered",IF('2-3. Assessment & Actions'!P70>=3,"Passed","Failed"))) -> Not Answered | I26: =IF(D26="N/A", "No target set", IF('2-3. Assessment & Actions'!P70="Select…. ", "No results given", IF('2-3. Assessment & Actions'!P70>=D26, "Targets met","Targets not met"))) -> No target set | J26: =IF(C26="No", "Not In Scope", IF('2-3. Assessment & Actions'!P70="Select…. ","Not Answered",IF('2-3. Assessment & Actions'!P70=1,'2-3. Assessment & Actions'!L70,(IF('2-3. Assessment & Actions'!P70=2,'2-3. Assessment & Actions'!L71,'2-3. Assessment & Actions'!L72))))) -> Not Answered
B27: =_xlfn.XLOOKUP(E27,'2-3. Assessment & Actions'!D:D,'2-3. Assessment & Actions'!B:B) -> P2: End-of-life management for equipment | C27: =_xlfn.XLOOKUP(B27, '1. Scope & Goals'!B:B,'1. Scope & Goals'!C:C) -> Yes | D27: =_xlfn.LET(_xlpm.val,_xlfn.XLOOKUP(B27,'1. Scope & Goals'!B:B,'1. Scope & Goals'!D:D), IF(_xlpm.val="Select…. ","N/A",_xlpm.val)) -> N/A | E27: P2.1 | F27: =IF(C27="No", "Not In Scope", IF('2-3. Assessment & Actions'!P73="Select…. ","Not Answered",IF('2-3. Assessment & Actions'!P73>=1,"Passed","Failed"))) -> Not Answered | G27: =IF(C27="No", "Not In Scope", IF('2-3. Assessment & Actions'!P73="Select…. ","Not Answered",IF('2-3. Assessment & Actions'!P73>=2,"Passed","Failed"))) -> Not Answered | H27: =IF(C27="No", "Not In Scope", IF('2-3. Assessment & Actions'!P73="Select…. ","Not Answered",IF('2-3. Assessment & Actions'!P73>=3,"Passed","Failed"))) -> Not Answered | I27: =IF(D27="N/A", "No target set", IF('2-3. Assessment & Actions'!P73="Select…. ", "No results given", IF('2-3. Assessment & Actions'!P73>=D27, "Targets met","Targets not met"))) -> No target set | J27: =IF(C27="No", "Not In Scope", IF('2-3. Assessment & Actions'!P73="Select…. ","Not Answered",IF('2-3. Assessment & Actions'!P73=1,'2-3. Assessment & Actions'!L73,(IF('2-3. Assessment & Actions'!P73=2,'2-3. Assessment & Actions'!L74,'2-3. Assessment & Actions'!L75))))) -> Not Answered
B28: =_xlfn.XLOOKUP(E28,'2-3. Assessment & Actions'!D:D,'2-3. Assessment & Actions'!B:B) -> P3: Circular IT practices (reuse, remanufacturing, modularity) | C28: =_xlfn.XLOOKUP(B28, '1. Scope & Goals'!B:B,'1. Scope & Goals'!C:C) -> Yes | D28: =_xlfn.LET(_xlpm.val,_xlfn.XLOOKUP(B28,'1. Scope & Goals'!B:B,'1. Scope & Goals'!D:D), IF(_xlpm.val="Select…. ","N/A",_xlpm.val)) -> N/A | E28: P3.1 | F28: =IF(C28="No", "Not In Scope", IF('2-3. Assessment & Actions'!P76="Select…. ","Not Answered",IF('2-3. Assessment & Actions'!P76>=1,"Passed","Failed"))) -> Not Answered | G28: =IF(C28="No", "Not In Scope", IF('2-3. Assessment & Actions'!P76="Select…. ","Not Answered",IF('2-3. Assessment & Actions'!P76>=2,"Passed","Failed"))) -> Not Answered | H28: =IF(C28="No", "Not In Scope", IF('2-3. Assessment & Actions'!P76="Select…. ","Not Answered",IF('2-3. Assessment & Actions'!P76>=3,"Passed","Failed"))) -> Not Answered | I28: =IF(D28="N/A", "No target set", IF('2-3. Assessment & Actions'!P76="Select…. ", "No results given", IF('2-3. Assessment & Actions'!P76>=D28, "Targets met","Targets not met"))) -> No target set | J28: =IF(C28="No", "Not In Scope", IF('2-3. Assessment & Actions'!P76="Select…. ","Not Answered",IF('2-3. Assessment & Actions'!P76=1,'2-3. Assessment & Actions'!L76,(IF('2-3. Assessment & Actions'!P76=2,'2-3. Assessment & Actions'!L77,'2-3. Assessment & Actions'!L78))))) -> Not Answered
B29: =_xlfn.XLOOKUP(E29,'2-3. Assessment & Actions'!D:D,'2-3. Assessment & Actions'!B:B) -> P4: Pollution control (air, water, soil) | C29: =_xlfn.XLOOKUP(B29, '1. Scope & Goals'!B:B,'1. Scope & Goals'!C:C) -> Yes | D29: =_xlfn.LET(_xlpm.val,_xlfn.XLOOKUP(B29,'1. Scope & Goals'!B:B,'1. Scope & Goals'!D:D), IF(_xlpm.val="Select…. ","N/A",_xlpm.val)) -> N/A | E29: P4.1 | F29: =IF(C29="No", "Not In Scope", IF('2-3. Assessment & Actions'!P79="Select…. ","Not Answered",IF('2-3. Assessment & Actions'!P79>=1,"Passed","Failed"))) -> Not Answered | G29: =IF(C29="No", "Not In Scope", IF('2-3. Assessment & Actions'!P79="Select…. ","Not Answered",IF('2-3. Assessment & Actions'!P79>=2,"Passed","Failed"))) -> Not Answered | H29: =IF(C29="No", "Not In Scope", IF('2-3. Assessment & Actions'!P79="Select…. ","Not Answered",IF('2-3. Assessment & Actions'!P79>=3,"Passed","Failed"))) -> Not Answered | I29: =IF(D29="N/A", "No target set", IF('2-3. Assessment & Actions'!P79="Select…. ", "No results given", IF('2-3. Assessment & Actions'!P79>=D29, "Targets met","Targets not met"))) -> No target set | J29: =IF(C29="No", "Not In Scope", IF('2-3. Assessment & Actions'!P79="Select…. ","Not Answered",IF('2-3. Assessment & Actions'!P79=1,'2-3. Assessment & Actions'!L79,(IF('2-3. Assessment & Actions'!P79=2,'2-3. Assessment & Actions'!L80,'2-3. Assessment & Actions'!L81))))) -> Not Answered
B30: =_xlfn.XLOOKUP(E30,'2-3. Assessment & Actions'!D:D,'2-3. Assessment & Actions'!B:B) -> P5: Use of low-impact or non-toxic materials | C30: =_xlfn.XLOOKUP(B30, '1. Scope & Goals'!B:B,'1. Scope & Goals'!C:C) -> Yes | D30: =_xlfn.LET(_xlpm.val,_xlfn.XLOOKUP(B30,'1. Scope & Goals'!B:B,'1. Scope & Goals'!D:D), IF(_xlpm.val="Select…. ","N/A",_xlpm.val)) -> N/A | E30: P5.1 | F30: =IF(C30="No", "Not In Scope", IF('2-3. Assessment & Actions'!P82="Select…. ","Not Answered",IF('2-3. Assessment & Actions'!P82>=1,"Passed","Failed"))) -> Not Answered | G30: =IF(D30="No", "Not In Scope", IF('2-3. Assessment & Actions'!P82="Select…. ","Not Answered",IF('2-3. Assessment & Actions'!P82>=2,"Passed","Failed"))) -> Not Answered | H30: =IF(C30="No", "Not In Scope", IF('2-3. Assessment & Actions'!P82="Select…. ","Not Answered",IF('2-3. Assessment & Actions'!P82>=3,"Passed","Failed"))) -> Not Answered | I30: =IF(D30="N/A", "No target set", IF('2-3. Assessment & Actions'!P82="Select…. ", "No results given", IF('2-3. Assessment & Actions'!P82>=D30, "Targets met","Targets not met"))) -> No target set | J30: =IF(C30="No", "Not In Scope", IF('2-3. Assessment & Actions'!P82="Select…. ","Not Answered",IF('2-3. Assessment & Actions'!P82=1,'2-3. Assessment & Actions'!L82,(IF('2-3. Assessment & Actions'!P82=2,'2-3. Assessment & Actions'!L83,'2-3. Assessment & Actions'!L84))))) -> Not Answered
B31: =_xlfn.XLOOKUP(E31,'2-3. Assessment & Actions'!D:D,'2-3. Assessment & Actions'!B:B) -> W1: Water usage monitoring and reduction strategies | C31: =_xlfn.XLOOKUP(B31, '1. Scope & Goals'!B:B,'1. Scope & Goals'!C:C) -> Yes | D31: =_xlfn.LET(_xlpm.val,_xlfn.XLOOKUP(B31,'1. Scope & Goals'!B:B,'1. Scope & Goals'!D:D), IF(_xlpm.val="Select…. ","N/A",_xlpm.val)) -> N/A | E31: W1.1 | F31: =IF(C31="No", "Not In Scope", IF('2-3. Assessment & Actions'!P86="Select…. ","Not Answered",IF('2-3. Assessment & Actions'!P86>=1,"Passed","Failed"))) -> Not Answered | G31: =IF(C31="No", "Not In Scope", IF('2-3. Assessment & Actions'!P86="Select…. ","Not Answered",IF('2-3. Assessment & Actions'!P86>=2,"Passed","Failed"))) -> Not Answered | H31: =IF(C31="No", "Not In Scope", IF('2-3. Assessment & Actions'!P86="Select…. ","Not Answered",IF('2-3. Assessment & Actions'!P86>=3,"Passed","Failed"))) -> Not Answered | I31: =IF(D31="N/A", "No target set", IF('2-3. Assessment & Actions'!P86="Select…. ", "No results given", IF('2-3. Assessment & Actions'!P86>=D31, "Targets met","Targets not met"))) -> No target set | J31: =IF(C31="No", "Not In Scope", IF('2-3. Assessment & Actions'!P86="Select…. ","Not Answered",IF('2-3. Assessment & Actions'!P86=1,'2-3. Assessment & Actions'!L86,(IF('2-3. Assessment & Actions'!P86=2,'2-3. Assessment & Actions'!L87,'2-3. Assessment & Actions'!L88))))) -> Not Answered
B32: =_xlfn.XLOOKUP(E32,'2-3. Assessment & Actions'!D:D,'2-3. Assessment & Actions'!B:B) -> W2: Impact on local ecosystems or biodiversity | C32: =_xlfn.XLOOKUP(B32, '1. Scope & Goals'!B:B,'1. Scope & Goals'!C:C) -> Yes | D32: =_xlfn.LET(_xlpm.val,_xlfn.XLOOKUP(B32,'1. Scope & Goals'!B:B,'1. Scope & Goals'!D:D), IF(_xlpm.val="Select…. ","N/A",_xlpm.val)) -> N/A | E32: W2.1 | F32: =IF(C32="No", "Not In Scope", IF('2-3. Assessment & Actions'!P89="Select…. ","Not Answered",IF('2-3. Assessment & Actions'!P89>=1,"Passed","Failed"))) -> Not Answered | G32: =IF(C32="No", "Not In Scope", IF('2-3. Assessment & Actions'!P89="Select…. ","Not Answered",IF('2-3. Assessment & Actions'!P89>=2,"Passed","Failed"))) -> Not Answered | H32: =IF(C32="No", "Not In Scope", IF('2-3. Assessment & Actions'!P89="Select…. ","Not Answered",IF('2-3. Assessment & Actions'!P89>=3,"Passed","Failed"))) -> Not Answered | I32: =IF(D32="N/A", "No target set", IF('2-3. Assessment & Actions'!P89="Select…. ", "No results given", IF('2-3. Assessment & Actions'!P89>=D32, "Targets met","Targets not met"))) -> No target set | J32: =IF(C32="No", "Not In Scope", IF('2-3. Assessment & Actions'!P89="Select…. ","Not Answered",IF('2-3. Assessment & Actions'!P89=1,'2-3. Assessment & Actions'!L89,(IF('2-3. Assessment & Actions'!P89=2,'2-3. Assessment & Actions'!L90,'2-3. Assessment & Actions'!L91))))) -> Not Answered
B33: =_xlfn.XLOOKUP(E33,'2-3. Assessment & Actions'!D:D,'2-3. Assessment & Actions'!B:B) -> W3: Rainwater harvesting, reuse, or runoff management | C33: =_xlfn.XLOOKUP(B33, '1. Scope & Goals'!B:B,'1. Scope & Goals'!C:C) -> Yes | D33: =_xlfn.LET(_xlpm.val,_xlfn.XLOOKUP(B33,'1. Scope & Goals'!B:B,'1. Scope & Goals'!D:D), IF(_xlpm.val="Select…. ","N/A",_xlpm.val)) -> N/A | E33: W3.1 | F33: =IF(C33="No", "Not In Scope", IF('2-3. Assessment & Actions'!P92="Select…. ","Not Answered",IF('2-3. Assessment & Actions'!P92>=1,"Passed","Failed"))) -> Not Answered | G33: =IF(C33="No", "Not In Scope", IF('2-3. Assessment & Actions'!P92="Select…. ","Not Answered",IF('2-3. Assessment & Actions'!P92>=2,"Passed","Failed"))) -> Not Answered | H33: =IF(C33="No", "Not In Scope", IF('2-3. Assessment & Actions'!P92="Select…. ","Not Answered",IF('2-3. Assessment & Actions'!P92>=3,"Passed","Failed"))) -> Not Answered | I33: =IF(D33="N/A", "No target set", IF('2-3. Assessment & Actions'!P92="Select…. ", "No results given", IF('2-3. Assessment & Actions'!P92>=D33, "Targets met","Targets not met"))) -> No target set | J33: =IF(C33="No", "Not In Scope", IF('2-3. Assessment & Actions'!P92="Select…. ","Not Answered",IF('2-3. Assessment & Actions'!P92=1,'2-3. Assessment & Actions'!L92,(IF('2-3. Assessment & Actions'!P92=2,'2-3. Assessment & Actions'!L93,'2-3. Assessment & Actions'!L94))))) -> Not Answered
B34: =_xlfn.XLOOKUP(E34,'2-3. Assessment & Actions'!D:D,'2-3. Assessment & Actions'!B:B) -> W4: Water-based cooling systems and water efficiency strategies | C34: =_xlfn.XLOOKUP(B34, '1. Scope & Goals'!B:B,'1. Scope & Goals'!C:C) -> Yes | D34: =_xlfn.LET(_xlpm.val,_xlfn.XLOOKUP(B34,'1. Scope & Goals'!B:B,'1. Scope & Goals'!D:D), IF(_xlpm.val="Select…. ","N/A",_xlpm.val)) -> N/A | E34: W4.1 | F34: =IF(C34="No", "Not In Scope", IF('2-3. Assessment & Actions'!P95="Select…. ","Not Answered",IF('2-3. Assessment & Actions'!P95>=1,"Passed","Failed"))) -> Not Answered | G34: =IF(C34="No", "Not In Scope", IF('2-3. Assessment & Actions'!P95="Select…. ","Not Answered",IF('2-3. Assessment & Actions'!P95>=2,"Passed","Failed"))) -> Not Answered | H34: =IF(C34="No", "Not In Scope", IF('2-3. Assessment & Actions'!P95="Select…. ","Not Answered",IF('2-3. Assessment & Actions'!P95>=3,"Passed","Failed"))) -> Not Answered | I34: =IF(D34="N/A", "No target set", IF('2-3. Assessment & Actions'!P95="Select…. ", "No results given", IF('2-3. Assessment & Actions'!P95>=D34, "Targets met","Targets not met"))) -> No target set | J34: =IF(C34="No", "Not In Scope", IF('2-3. Assessment & Actions'!P95="Select…. ","Not Answered",IF('2-3. Assessment & Actions'!P95=1,'2-3. Assessment & Actions'!L95,(IF('2-3. Assessment & Actions'!P95=2,'2-3. Assessment & Actions'!L96,'2-3. Assessment & Actions'!L97))))) -> Not Answered
B35: =_xlfn.XLOOKUP(E35,'2-3. Assessment & Actions'!D:D,'2-3. Assessment & Actions'!B:B) -> L1: Sustainability embedded in the design phase | C35: =_xlfn.XLOOKUP(B35, '1. Scope & Goals'!B:B,'1. Scope & Goals'!C:C) -> Yes | D35: =_xlfn.LET(_xlpm.val,_xlfn.XLOOKUP(B35,'1. Scope & Goals'!B:B,'1. Scope & Goals'!D:D), IF(_xlpm.val="Select…. ","N/A",_xlpm.val)) -> N/A | E35: L1.1 | F35: =IF(C35="No", "Not In Scope", IF('2-3. Assessment & Actions'!P99="Select…. ","Not Answered",IF('2-3. Assessment & Actions'!P99>=1,"Passed","Failed"))) -> Not Answered | G35: =IF(C35="No", "Not In Scope", IF('2-3. Assessment & Actions'!P99="Select…. ","Not Answered",IF('2-3. Assessment & Actions'!P99>=2,"Passed","Failed"))) -> Not Answered | H35: =IF(C35="No", "Not In Scope", IF('2-3. Assessment & Actions'!P99="Select…. ","Not Answered",IF('2-3. Assessment & Actions'!P99>=3,"Passed","Failed"))) -> Not Answered | I35: =IF(D35="N/A", "No target set", IF('2-3. Assessment & Actions'!P99="Select…. ", "No results given", IF('2-3. Assessment & Actions'!P99>=D35, "Targets met","Targets not met"))) -> No target set | J35: =IF(C35="No", "Not In Scope", IF('2-3. Assessment & Actions'!P99="Select…. ","Not Answered",IF('2-3. Assessment & Actions'!P99=1,'2-3. Assessment & Actions'!L99,(IF('2-3. Assessment & Actions'!P99=2,'2-3. Assessment & Actions'!L100,'2-3. Assessment & Actions'!L101))))) -> Not Answered
B36: =_xlfn.XLOOKUP(E36,'2-3. Assessment & Actions'!D:D,'2-3. Assessment & Actions'!B:B) -> L2: Consideration of sustainability during implementation | C36: =_xlfn.XLOOKUP(B36, '1. Scope & Goals'!B:B,'1. Scope & Goals'!C:C) -> Yes | D36: =_xlfn.LET(_xlpm.val,_xlfn.XLOOKUP(B36,'1. Scope & Goals'!B:B,'1. Scope & Goals'!D:D), IF(_xlpm.val="Select…. ","N/A",_xlpm.val)) -> N/A | E36: L2.1 | F36: =IF(C36="No", "Not In Scope", IF('2-3. Assessment & Actions'!P102="Select…. ","Not Answered",IF('2-3. Assessment & Actions'!P102>=1,"Passed","Failed"))) -> Not Answered | G36: =IF(C36="No", "Not In Scope", IF('2-3. Assessment & Actions'!P102="Select…. ","Not Answered",IF('2-3. Assessment & Actions'!P102>=2,"Passed","Failed"))) -> Not Answered | H36: =IF(C36="No", "Not In Scope", IF('2-3. Assessment & Actions'!P102="Select…. ","Not Answered",IF('2-3. Assessment & Actions'!P102>=3,"Passed","Failed"))) -> Not Answered | I36: =IF(D36="N/A", "No target set", IF('2-3. Assessment & Actions'!P102="Select…. ", "No results given", IF('2-3. Assessment & Actions'!P102>=D36, "Targets met","Targets not met"))) -> No target set | J36: =IF(C36="No", "Not In Scope", IF('2-3. Assessment & Actions'!P102="Select…. ","Not Answered",IF('2-3. Assessment & Actions'!P102=1,'2-3. Assessment & Actions'!L102,(IF('2-3. Assessment & Actions'!P102=2,'2-3. Assessment & Actions'!L103,'2-3. Assessment & Actions'!L104))))) -> Not Answered
B37: =_xlfn.XLOOKUP(E37,'2-3. Assessment & Actions'!D:D,'2-3. Assessment & Actions'!B:B) -> L3: Operational sustainability practices | C37: =_xlfn.XLOOKUP(B37, '1. Scope & Goals'!B:B,'1. Scope & Goals'!C:C) -> Yes | D37: =_xlfn.LET(_xlpm.val,_xlfn.XLOOKUP(B37,'1. Scope & Goals'!B:B,'1. Scope & Goals'!D:D), IF(_xlpm.val="Select…. ","N/A",_xlpm.val)) -> N/A | E37: L3.1 | F37: =IF(C37="No", "Not In Scope", IF('2-3. Assessment & Actions'!P105="Select…. ","Not Answered",IF('2-3. Assessment & Actions'!P105>=1,"Passed","Failed"))) -> Not Answered | G37: =IF(C37="No", "Not In Scope", IF('2-3. Assessment & Actions'!P105="Select…. ","Not Answered",IF('2-3. Assessment & Actions'!P105>=2,"Passed","Failed"))) -> Not Answered | H37: =IF(C37="No", "Not In Scope", IF('2-3. Assessment & Actions'!P105="Select…. ","Not Answered",IF('2-3. Assessment & Actions'!P105>=3,"Passed","Failed"))) -> Not Answered | I37: =IF(D37="N/A", "No target set", IF('2-3. Assessment & Actions'!P105="Select…. ", "No results given", IF('2-3. Assessment & Actions'!P105>=D37, "Targets met","Targets not met"))) -> No target set | J37: =IF(C37="No", "Not In Scope", IF('2-3. Assessment & Actions'!P105="Select…. ","Not Answered",IF('2-3. Assessment & Actions'!P105=1,'2-3. Assessment & Actions'!L105,(IF('2-3. Assessment & Actions'!P105=2,'2-3. Assessment & Actions'!L106,'2-3. Assessment & Actions'!L107))))) -> Not Answered
B38: =_xlfn.XLOOKUP(E38,'2-3. Assessment & Actions'!D:D,'2-3. Assessment & Actions'!B:B) -> L4: Decommissioning/termination phase planning | C38: =_xlfn.XLOOKUP(B38, '1. Scope & Goals'!B:B,'1. Scope & Goals'!C:C) -> Yes | D38: =_xlfn.LET(_xlpm.val,_xlfn.XLOOKUP(B38,'1. Scope & Goals'!B:B,'1. Scope & Goals'!D:D), IF(_xlpm.val="Select…. ","N/A",_xlpm.val)) -> N/A | E38: L4.1 | F38: =IF(C38="No", "Not In Scope", IF('2-3. Assessment & Actions'!P108="Select…. ","Not Answered",IF('2-3. Assessment & Actions'!P108>=1,"Passed","Failed"))) -> Not Answered | G38: =IF(C38="No", "Not In Scope", IF('2-3. Assessment & Actions'!P108="Select…. ","Not Answered",IF('2-3. Assessment & Actions'!P108>=2,"Passed","Failed"))) -> Not Answered | H38: =IF(C38="No", "Not In Scope", IF('2-3. Assessment & Actions'!P108="Select…. ","Not Answered",IF('2-3. Assessment & Actions'!P108>=3,"Passed","Failed"))) -> Not Answered | I38: =IF(D38="N/A", "No target set", IF('2-3. Assessment & Actions'!P108="Select…. ", "No results given", IF('2-3. Assessment & Actions'!P108>=D38, "Targets met","Targets not met"))) -> No target set | J38: =IF(C38="No", "Not In Scope", IF('2-3. Assessment & Actions'!P108="Select…. ","Not Answered",IF('2-3. Assessment & Actions'!P108=1,'2-3. Assessment & Actions'!L108,(IF('2-3. Assessment & Actions'!P108=2,'2-3. Assessment & Actions'!L109,'2-3. Assessment & Actions'!L110))))) -> Not Answered

Sheet 5-6. Action Plan & Monitoring
A1: Self Assessment Questionnaire
A2: Action Plan
B4: Requirement Code | C4: Question | D4: In Scope | E4: Lifecycle Phase | F4: Environmental Dimension | G4: Targets | H4: Recommended Action | I4: Improvement Priority | J4: Effort Required | K4: Implementation Priority | L4: Leader | M4: Deadline | N4: Status | O4: Remarks
B5: {=_xlfn.UNIQUE(_xlfn._xlws.FILTER('2-3. Assessment & Actions'!D6:D144, '2-3. Assessment & Actions'!D6:D144<>""))} -> G1.1 | C5: =_xlfn.XLOOKUP(B5,'2-3. Assessment & Actions'!D:D,'2-3. Assessment & Actions'!E:E) -> To what extent is the RI aligned with relevant EU environmental regulations such as CSRD, ESRS, EED, ESPR, WEEE, LCA, ISO14040, ISO14044? | D5: =_xlfn.XLOOKUP(B5,'4. Priority&Capability Results'!E:E,'4. Priority&Capability Results'!C:C) -> Yes | E5: =_xlfn.XLOOKUP(B5,'2-3. Assessment & Actions'!D:D,'2-3. Assessment & Actions'!F:F) -> Cross-cutting | F5: =_xlfn.XLOOKUP(B5,'2-3. Assessment & Actions'!D:D,'2-3. Assessment & Actions'!G:G) -> Non-environmental | G5: =_xlfn.XLOOKUP(B5,'4. Priority&Capability Results'!E:E,'4. Priority&Capability Results'!I:I) -> No target set | H5: =IF('2-3. Assessment & Actions'!P6="Select.... ","Not Answered",IF('2-3. Assessment & Actions'!P6=1,'2-3. Assessment & Actions'!O6,IF('2-3. Assessment & Actions'!P6=2,'2-3. Assessment & Actions'!O7,'2-3. Assessment & Actions'!O8))) -> Not Answered | I5: =_xlfn.XLOOKUP(B5,'4. Priority&Capability Results'!E:E,'4. Priority&Capability Results'!J:J) -> Not Answered | J5: Select.... | K5: =IF(D5="No", "Not in Scope", IF(I5="Not Answered", "Not Answered", IF(J5="Select…. ", "Select the Effort Required", IF(I5="High", IF(J5="Low", "Immediate", IF(J5="Medium", "Urgent", "Planned")), IF(I5="Medium", IF(J5="Low", "Urgent", IF(J5="Medium", "Planned", "Low Priority")), IF(I5="Low", IF(J5="Low", "Planned", IF(J5="Medium", "Low Priority", "No Action Needed")), "")))))) -> Not Answered
B6: G1.2 | C6: =_xlfn.XLOOKUP(B6,'2-3. Assessment & Actions'!D:D,'2-3. Assessment & Actions'!E:E) -> Has the RI conducted a review or gap analysis to identify which regulations apply and how they are addressed? | D6: =_xlfn.XLOOKUP(B6,'4. Priority&Capability Results'!E:E,'4. Priority&Capability Results'!C:C) -> Yes | E6: =_xlfn.XLOOKUP(B6,'2-3. Assessment & Actions'!D:D,'2-3. Assessment & Actions'!F:F) -> Cross-cutting | F6: =_xlfn.XLOOKUP(B6,'2-3. Assessment & Actions'!D:D,'2-3. Assessment & Actions'!G:G) -> Non-environmental | G6: =_xlfn.XLOOKUP(B6,'4. Priority&Capability Results'!E:E,'4. Priority&Capability Results'!I:I) -> No target set | H6: =IF('2-3. Assessment & Actions'!P9="Select.... ","Not Answered",IF('2-3. Assessment & Actions'!P9=1,'2-3. Assessment & Actions'!O9,IF('2-3. Assessment & Actions'!P9=2,'2-3. Assessment & Actions'!O10,'2-3. Assessment & Actions'!O11))) -> Not Answered | I6: =_xlfn.XLOOKUP(B6,'4. Priority&Capability Results'!E:E,'4. Priority&Capability Results'!J:J) -> Not Answered | J6: Select.... | K6: =IF(D6="No", "Not in Scope", IF(I6="Not Answered", "Not Answered", IF(J6="Select…. ", "Select the Effort Required", IF(I6="High", IF(J6="Low", "Immediate", IF(J6="Medium", "Urgent", "Planned")), IF(I6="Medium", IF(J6="Low", "Urgent", IF(J6="Medium", "Planned", "Low Priority")), IF(I6="Low", IF(J6="Low", "Planned", IF(J6="Medium", "Low Priority", "No Action Needed")), "")))))) -> Not Answered
B7: G2.1 | C7: =_xlfn.XLOOKUP(B7,'2-3. Assessment & Actions'!D:D,'2-3. Assessment & Actions'!E:E) -> Is there a documented environmental sustainability strategy in place, endorsed by leadership and periodically updated? | D7: =_xlfn.XLOOKUP(B7,'4. Priority&Capability Results'!E:E,'4. Priority&Capability Results'!C:C) -> Yes | E7: =_xlfn.XLOOKUP(B7,'2-3. Assessment & Actions'!D:D,'2-3. Assessment & Actions'!F:F) -> Cross-cutting | F7: =_xlfn.XLOOKUP(B7,'2-3. Assessment & Actions'!D:D,'2-3. Assessment & Actions'!G:G) -> Non-environmental | G7: =_xlfn.XLOOKUP(B7,'4. Priority&Capability Results'!E:E,'4. Priority&Capability Results'!I:I) -> No target set | H7: =IF('2-3. Assessment & Actions'!P12="Select.... ","Not Answered",IF('2-3. Assessment & Actions'!P12=1,'2-3. Assessment & Actions'!O12,IF('2-3. Assessment & Actions'!P12=2,'2-3. Assessment & Actions'!O13,'2-3. Assessment & Actions'!O14))) -> Not Answered | I7: =_xlfn.XLOOKUP(B7,'4. Priority&Capability Results'!E:E,'4. Priority&Capability Results'!J:J) -> Not Answered | J7: Select.... | K7: =IF(D7="No", "Not in Scope", IF(I7="Not Answered", "Not Answered", IF(J7="Select…. ", "Select the Effort Required", IF(I7="High", IF(J7="Low", "Immediate", IF(J7="Medium", "Urgent", "Planned")), IF(I7="Medium", IF(J7="Low", "Urgent", IF(J7="Medium", "Planned", "Low Priority")), IF(I7="Low", IF(J7="Low", "Planned", IF(J7="Medium", "Low Priority", "No Action Needed")), "")))))) -> Not Answered
B8: G3.1 | C8: =_xlfn.XLOOKUP(B8,'2-3. Assessment & Actions'!D:D,'2-3. Assessment & Actions'!E:E) -> Are roles and responsibilities for environmental sustainability clearly assigned across relevant functions within the RI? | D8: =_xlfn.XLOOKUP(B8,'4. Priority&Capability Results'!E:E,'4. Priority&Capability Results'!C:C) -> Yes | E8: =_xlfn.XLOOKUP(B8,'2-3. Assessment & Actions'!D:D,'2-3. Assessment & Actions'!F:F) -> Cross-cutting | F8: =_xlfn.XLOOKUP(B8,'2-3. Assessment & Actions'!D:D,'2-3. Assessment & Actions'!G:G) -> Non-environmental | G8: =_xlfn.XLOOKUP(B8,'4. Priority&Capability Results'!E:E,'4. Priority&Capability Results'!I:I) -> No target set | H8: =IF('2-3. Assessment & Actions'!P15="Select.... ","Not Answered",IF('2-3. Assessment & Actions'!P15=1,'2-3. Assessment & Actions'!O15,IF('2-3. Assessment & Actions'!P15=2,'2-3. Assessment & Actions'!O16,'2-3. Assessment & Actions'!O17))) -> Not Answered | I8: =_xlfn.XLOOKUP(B8,'4. Priority&Capability Results'!E:E,'4. Priority&Capability Results'!J:J) -> Not Answered | J8: Select.... | K8: =IF(D8="No", "Not in Scope", IF(I8="Not Answered", "Not Answered", IF(J8="Select…. ", "Select the Effort Required", IF(I8="High", IF(J8="Low", "Immediate", IF(J8="Medium", "Urgent", "Planned")), IF(I8="Medium", IF(J8="Low", "Urgent", IF(J8="Medium", "Planned", "Low Priority")), IF(I8="Low", IF(J8="Low", "Planned", IF(J8="Medium", "Low Priority", "No Action Needed")), "")))))) -> Not Answered
B9: G4.1 | C9: =_xlfn.XLOOKUP(B9,'2-3. Assessment & Actions'!D:D,'2-3. Assessment & Actions'!E:E) -> To what extent is environmental sustainability integrated into the RI’s internal policies, management systems, or quality frameworks? | D9: =_xlfn.XLOOKUP(B9,'4. Priority&Capability Results'!E:E,'4. Priority&Capability Results'!C:C) -> Yes | E9: =_xlfn.XLOOKUP(B9,'2-3. Assessment & Actions'!D:D,'2-3. Assessment & Actions'!F:F) -> Cross-cutting | F9: =_xlfn.XLOOKUP(B9,'2-3. Assessment & Actions'!D:D,'2-3. Assessment & Actions'!G:G) -> Non-environmental | G9: =_xlfn.XLOOKUP(B9,'4. Priority&Capability Results'!E:E,'4. Priority&Capability Results'!I:I) -> No target set | H9: =IF('2-3. Assessment & Actions'!P18="Select.... ","Not Answered",IF('2-3. Assessment & Actions'!P18=1,'2-3. Assessment & Actions'!O18,IF('2-3. Assessment & Actions'!P18=2,'2-3. Assessment & Actions'!O19,'2-3. Assessment & Actions'!O20))) -> Not Answered | I9: =_xlfn.XLOOKUP(B9,'4. Priority&Capability Results'!E:E,'4. Priority&Capability Results'!J:J) -> Not Answered | J9: Select.... | K9: =IF(D9="No", "Not in Scope", IF(I9="Not Answered", "Not Answered", IF(J9="Select…. ", "Select the Effort Required", IF(I9="High", IF(J9="Low", "Immediate", IF(J9="Medium", "Urgent", "Planned")), IF(I9="Medium", IF(J9="Low", "Urgent", IF(J9="Medium", "Planned", "Low Priority")), IF(I9="Low", IF(J9="Low", "Planned", IF(J9="Medium", "Low Priority", "No Action Needed")), "")))))) -> Not Answered
B10: G5.1 | C10: =_xlfn.XLOOKUP(B10,'2-3. Assessment & Actions'!D:D,'2-3. Assessment & Actions'!E:E) -> Does the RI include environmental sustainability criteria in procurement processes and supplier evaluations? | D10: =_xlfn.XLOOKUP(B10,'4. Priority&Capability Results'!E:E,'4. Priority&Capability Results'!C:C) -> Yes | E10: =_xlfn.XLOOKUP(B10,'2-3. Assessment & Actions'!D:D,'2-3. Assessment & Actions'!F:F) -> Cross-cutting | F10: =_xlfn.XLOOKUP(B10,'2-3. Assessment & Actions'!D:D,'2-3. Assessment & Actions'!G:G) -> Non-environmental | G10: =_xlfn.XLOOKUP(B10,'4. Priority&Capability Results'!E:E,'4. Priority&Capability Results'!I:I) -> No target set | H10: =IF('2-3. Assessment & Actions'!P21="Select.... ","Not Answered",IF('2-3. Assessment & Actions'!P21=1,'2-3. Assessment & Actions'!O21,IF('2-3. Assessment & Actions'!P21=2,'2-3. Assessment & Actions'!O22,'2-3. Assessment & Actions'!O23))) -> Not Answered | I10: =_xlfn.XLOOKUP(B10,'4. Priority&Capability Results'!E:E,'4. Priority&Capability Results'!J:J) -> Not Answered | J10: Select.... | K10: =IF(D10="No", "Not in Scope", IF(I10="Not Answered", "Not Answered", IF(J10="Select…. ", "Select the Effort Required", IF(I10="High", IF(J10="Low", "Immediate", IF(J10="Medium", "Urgent", "Planned")), IF(I10="Medium", IF(J10="Low", "Urgent", IF(J10="Medium", "Planned", "Low Priority")), IF(I10="Low", IF(J10="Low", "Planned", IF(J10="Medium", "Low Priority", "No Action Needed")), "")))))) -> Not Answered
B11: S1.1 | C11: =_xlfn.XLOOKUP(B11,'2-3. Assessment & Actions'!D:D,'2-3. Assessment & Actions'!E:E) -> To what extent does the RI provide staff training or awareness programmes on environmental sustainability topics relevant to their roles? | D11: =_xlfn.XLOOKUP(B11,'4. Priority&Capability Results'!E:E,'4. Priority&Capability Results'!C:C) -> Yes | E11: =_xlfn.XLOOKUP(B11,'2-3. Assessment & Actions'!D:D,'2-3. Assessment & Actions'!F:F) -> Cross-cutting | F11: =_xlfn.XLOOKUP(B11,'2-3. Assessment & Actions'!D:D,'2-3. Assessment & Actions'!G:G) -> Non-environmental | G11: =_xlfn.XLOOKUP(B11,'4. Priority&Capability Results'!E:E,'4. Priority&Capability Results'!I:I) -> No target set | H11: =IF('2-3. Assessment & Actions'!P25="Select.... ","Not Answered",IF('2-3. Assessment & Actions'!P25=1,'2-3. Assessment & Actions'!O25,IF('2-3. Assessment & Actions'!P25=2,'2-3. Assessment & Actions'!O26,'2-3. Assessment & Actions'!O27))) -> Not Answered | I11: =_xlfn.XLOOKUP(B11,'4. Priority&Capability Results'!E:E,'4. Priority&Capability Results'!J:J) -> Not Answered | J11: Select.... | K11: =IF(D11="No", "Not in Scope", IF(I11="Not Answered", "Not Answered", IF(J11="Select…. ", "Select the Effort Required", IF(I11="High", IF(J11="Low", "Immediate", IF(J11="Medium", "Urgent", "Planned")), IF(I11="Medium", IF(J11="Low", "Urgent", IF(J11="Medium", "Planned", "Low Priority")), IF(I11="Low", IF(J11="Low", "Planned", IF(J11="Medium", "Low Priority", "No Action Needed")), "")))))) -> Not Answered
B12: S2.1 | C12: =_xlfn.XLOOKUP(B12,'2-3. Assessment & Actions'!D:D,'2-3. Assessment & Actions'!E:E) -> Are relevant stakeholders (e.g. users, suppliers, partners) engaged in environmental planning or sustainability goal-setting processes? | D12: =_xlfn.XLOOKUP(B12,'4. Priority&Capability Results'!E:E,'4. Priority&Capability Results'!C:C) -> Yes | E12: =_xlfn.XLOOKUP(B12,'2-3. Assessment & Actions'!D:D,'2-3. Assessment & Actions'!F:F) -> Cross-cutting | F12: =_xlfn.XLOOKUP(B12,'2-3. Assessment & Actions'!D:D,'2-3. Assessment & Actions'!G:G) -> Non-environmental | G12: =_xlfn.XLOOKUP(B12,'4. Priority&Capability Results'!E:E,'4. Priority&Capability Results'!I:I) -> No target set | H12: =IF('2-3. Assessment & Actions'!P28="Select.... ","Not Answered",IF('2-3. Assessment & Actions'!P28=1,'2-3. Assessment & Actions'!O28,IF('2-3. Assessment & Actions'!P28=2,'2-3. Assessment & Actions'!O29,'2-3. Assessment & Actions'!O30))) -> Not Answered | I12: =_xlfn.XLOOKUP(B12,'4. Priority&Capability Results'!E:E,'4. Priority&Capability Results'!J:J) -> Not Answered | J12: Select.... | K12: =IF(D12="No", "Not in Scope", IF(I12="Not Answered", "Not Answered", IF(J12="Select…. ", "Select the Effort Required", IF(I12="High", IF(J12="Low", "Immediate", IF(J12="Medium", "Urgent", "Planned")), IF(I12="Medium", IF(J12="Low", "Urgent", IF(J12="Medium", "Planned", "Low Priority")), IF(I12="Low", IF(J12="Low", "Planned", IF(J12="Medium", "Low Priority", "No Action Needed")), "")))))) -> Not Answered
B13: S3.1 | C13: =_xlfn.XLOOKUP(B13,'2-3. Assessment & Actions'!D:D,'2-3. Assessment & Actions'!E:E) -> Does the RI regularly communicate its environmental performance, actions, or goals to internal and external stakeholders? | D13: =_xlfn.XLOOKUP(B13,'4. Priority&Capability Results'!E:E,'4. Priority&Capability Results'!C:C) -> Yes | E13: =_xlfn.XLOOKUP(B13,'2-3. Assessment & Actions'!D:D,'2-3. Assessment & Actions'!F:F) -> Cross-cutting | F13: =_xlfn.XLOOKUP(B13,'2-3. Assessment & Actions'!D:D,'2-3. Assessment & Actions'!G:G) -> Non-environmental | G13: =_xlfn.XLOOKUP(B13,'4. Priority&Capability Results'!E:E,'4. Priority&Capability Results'!I:I) -> No target set | H13: =IF('2-3. Assessment & Actions'!P31="Select.... ","Not Answered",IF('2-3. Assessment & Actions'!P31=1,'2-3. Assessment & Actions'!O31,IF('2-3. Assessment & Actions'!P31=2,'2-3. Assessment & Actions'!O32,'2-3. Assessment & Actions'!O33))) -> Not Answered | I13: =_xlfn.XLOOKUP(B13,'4. Priority&Capability Results'!E:E,'4. Priority&Capability Results'!J:J) -> Not Answered | J13: Select.... | K13: =IF(D13="No", "Not in Scope", IF(I13="Not Answered", "Not Answered", IF(J13="Select…. ", "Select the Effort Required", IF(I13="High", IF(J13="Low", "Immediate", IF(J13="Medium", "Urgent", "Planned")), IF(I13="Medium", IF(J13="Low", "Urgent", IF(J13="Medium", "Planned", "Low Priority")), IF(I13="Low", IF(J13="Low", "Planned", IF(J13="Medium", "Low Priority", "No Action Needed")), "")))))) -> Not Answered
B14: E1.1 | C14: =_xlfn.XLOOKUP(B14,'2-3. Assessment & Actions'!D:D,'2-3. Assessment & Actions'!E:E) -> What proportion of the RI’s energy consumption is sourced from renewable energy, and how is this verified? | D14: =_xlfn.XLOOKUP(B14,'4. Priority&Capability Results'!E:E,'4. Priority&Capability Results'!C:C) -> Yes | E14: =_xlfn.XLOOKUP(B14,'2-3. Assessment & Actions'!D:D,'2-3. Assessment & Actions'!F:F) -> Operation | F14: =_xlfn.XLOOKUP(B14,'2-3. Assessment & Actions'!D:D,'2-3. Assessment & Actions'!G:G) -> Energy | G14: =_xlfn.XLOOKUP(B14,'4. Priority&Capability Results'!E:E,'4. Priority&Capability Results'!I:I) -> No target set | H14: =IF('2-3. Assessment & Actions'!P35="Select.... ","Not Answered",IF('2-3. Assessment & Actions'!P35=1,'2-3. Assessment & Actions'!O35,IF('2-3. Assessment & Actions'!P35=2,'2-3. Assessment & Actions'!O36,'2-3. Assessment & Actions'!O37))) -> Not Answered | I14: =_xlfn.XLOOKUP(B14,'4. Priority&Capability Results'!E:E,'4. Priority&Capability Results'!J:J) -> Not Answered | J14: Select.... | K14: =IF(D14="No", "Not in Scope", IF(I14="Not Answered", "Not Answered", IF(J14="Select…. ", "Select the Effort Required", IF(I14="High", IF(J14="Low", "Immediate", IF(J14="Medium", "Urgent", "Planned")), IF(I14="Medium", IF(J14="Low", "Urgent", IF(J14="Medium", "Planned", "Low Priority")), IF(I14="Low", IF(J14="Low", "Planned", IF(J14="Medium", "Low Priority", "No Action Needed")), "")))))) -> Not Answered
B15: E2.1 | C15: =_xlfn.XLOOKUP(B15,'2-3. Assessment & Actions'!D:D,'2-3. Assessment & Actions'!E:E) -> Are AI or automation systems used to optimise energy consumption across compute, cooling, or other infrastructure components? | D15: =_xlfn.XLOOKUP(B15,'4. Priority&Capability Results'!E:E,'4. Priority&Capability Results'!C:C) -> Yes | E15: =_xlfn.XLOOKUP(B15,'2-3. Assessment & Actions'!D:D,'2-3. Assessment & Actions'!F:F) -> Operation | F15: =_xlfn.XLOOKUP(B15,'2-3. Assessment & Actions'!D:D,'2-3. Assessment & Actions'!G:G) -> Energy | G15: =_xlfn.XLOOKUP(B15,'4. Priority&Capability Results'!E:E,'4. Priority&Capability Results'!I:I) -> No target set | H15: =IF('2-3. Assessment & Actions'!P38="Select.... ","Not Answered",IF('2-3. Assessment & Actions'!P38=1,'2-3. Assessment & Actions'!O38,IF('2-3. Assessment & Actions'!P38=2,'2-3. Assessment & Actions'!O39,'2-3. Assessment & Actions'!O40))) -> Not Answered | I15: =_xlfn.XLOOKUP(B15,'4. Priority&Capability Results'!E:E,'4. Priority&Capability Results'!J:J) -> Not Answered | J15: Select.... | K15: =IF(D15="No", "Not in Scope", IF(I15="Not Answered", "Not Answered", IF(J15="Select…. ", "Select the Effort Required", IF(I15="High", IF(J15="Low", "Immediate", IF(J15="Medium", "Urgent", "Planned")), IF(I15="Medium", IF(J15="Low", "Urgent", IF(J15="Medium", "Planned", "Low Priority")), IF(I15="Low", IF(J15="Low", "Planned", IF(J15="Medium", "Low Priority", "No Action Needed")), "")))))) -> Not Answered
B16: E3.1 | C16: =_xlfn.XLOOKUP(B16,'2-3. Assessment & Actions'!D:D,'2-3. Assessment & Actions'!E:E) -> Does the RI implement strategies to recover or reuse waste heat generated by infrastructure? | D16: =_xlfn.XLOOKUP(B16,'4. Priority&Capability Results'!E:E,'4. Priority&Capability Results'!C:C) -> Yes | E16: =_xlfn.XLOOKUP(B16,'2-3. Assessment & Actions'!D:D,'2-3. Assessment & Actions'!F:F) -> Operation | F16: =_xlfn.XLOOKUP(B16,'2-3. Assessment & Actions'!D:D,'2-3. Assessment & Actions'!G:G) -> Energy | G16: =_xlfn.XLOOKUP(B16,'4. Priority&Capability Results'!E:E,'4. Priority&Capability Results'!I:I) -> No target set | H16: =IF('2-3. Assessment & Actions'!P41="Select.... ","Not Answered",IF('2-3. Assessment & Actions'!P41=1,'2-3. Assessment & Actions'!O41,IF('2-3. Assessment & Actions'!P41=2,'2-3. Assessment & Actions'!O42,'2-3. Assessment & Actions'!O43))) -> Not Answered | I16: =_xlfn.XLOOKUP(B16,'4. Priority&Capability Results'!E:E,'4. Priority&Capability Results'!J:J) -> Not Answered | J16: Select.... | K16: =IF(D16="No", "Not in Scope", IF(I16="Not Answered", "Not Answered", IF(J16="Select…. ", "Select the Effort Required", IF(I16="High", IF(J16="Low", "Immediate", IF(J16="Medium", "Urgent", "Planned")), IF(I16="Medium", IF(J16="Low", "Urgent", IF(J16="Medium", "Planned", "Low Priority")), IF(I16="Low", IF(J16="Low", "Planned", IF(J16="Medium", "Low Priority", "No Action Needed")), "")))))) -> Not Answered
B17: E4.1 | C17: =_xlfn.XLOOKUP(B17,'2-3. Assessment & Actions'!D:D,'2-3. Assessment & Actions'!E:E) -> Is the RI’s PUE monitored regularly, and are efforts in place to optimise it over time? | D17: =_xlfn.XLOOKUP(B17,'4. Priority&Capability Results'!E:E,'4. Priority&Capability Results'!C:C) -> Yes | E17: =_xlfn.XLOOKUP(B17,'2-3. Assessment & Actions'!D:D,'2-3. Assessment & Actions'!F:F) -> Operation | F17: =_xlfn.XLOOKUP(B17,'2-3. Assessment & Actions'!D:D,'2-3. Assessment & Actions'!G:G) -> Energy | G17: =_xlfn.XLOOKUP(B17,'4. Priority&Capability Results'!E:E,'4. Priority&Capability Results'!I:I) -> No target set | H17: =IF('2-3. Assessment & Actions'!P44="Select.... ","Not Answered",IF('2-3. Assessment & Actions'!P44=1,'2-3. Assessment & Actions'!O44,IF('2-3. Assessment & Actions'!P44=2,'2-3. Assessment & Actions'!O45,'2-3. Assessment & Actions'!O46))) -> Not Answered | I17: =_xlfn.XLOOKUP(B17,'4. Priority&Capability Results'!E:E,'4. Priority&Capability Results'!J:J) -> Not Answered | J17: Select.... | K17: =IF(D17="No", "Not in Scope", IF(I17="Not Answered", "Not Answered", IF(J17="Select…. ", "Select the Effort Required", IF(I17="High", IF(J17="Low", "Immediate", IF(J17="Medium", "Urgent", "Planned")), IF(I17="Medium", IF(J17="Low", "Urgent", IF(J17="Medium", "Planned", "Low Priority")), IF(I17="Low", IF(J17="Low", "Planned", IF(J17="Medium", "Low Priority", "No Action Needed")), "")))))) -> Not Answered
B18: E5.1 | C18: =_xlfn.XLOOKUP(B18,'2-3. Assessment & Actions'!D:D,'2-3. Assessment & Actions'!E:E) -> Is CUE calculated and used as a metric for assessing carbon performance of the RI’s operations? | D18: =_xlfn.XLOOKUP(B18,'4. Priority&Capability Results'!E:E,'4. Priority&Capability Results'!C:C) -> Yes | E18: =_xlfn.XLOOKUP(B18,'2-3. Assessment & Actions'!D:D,'2-3. Assessment & Actions'!F:F) -> Operation | F18: =_xlfn.XLOOKUP(B18,'2-3. Assessment & Actions'!D:D,'2-3. Assessment & Actions'!G:G) -> Climate Change | G18: =_xlfn.XLOOKUP(B18,'4. Priority&Capability Results'!E:E,'4. Priority&Capability Results'!I:I) -> No target set | H18: =IF('2-3. Assessment & Actions'!P47="Select.... ","Not Answered",IF('2-3. Assessment & Actions'!P47=1,'2-3. Assessment & Actions'!O47,IF('2-3. Assessment & Actions'!P47=2,'2-3. Assessment & Actions'!O48,'2-3. Assessment & Actions'!O49))) -> Not Answered | I18: =_xlfn.XLOOKUP(B18,'4. Priority&Capability Results'!E:E,'4. Priority&Capability Results'!J:J) -> Not Answered | J18: Select.... | K18: =IF(D18="No", "Not in Scope", IF(I18="Not Answered", "Not Answered", IF(J18="Select…. ", "Select the Effort Required", IF(I18="High", IF(J18="Low", "Immediate", IF(J18="Medium", "Urgent", "Planned")), IF(I18="Medium", IF(J18="Low", "Urgent", IF(J18="Medium", "Planned", "Low Priority")), IF(I18="Low", IF(J18="Low", "Planned", IF(J18="Medium", "Low Priority", "No Action Needed")), "")))))) -> Not Answered
B19: E6.1 | C19: =_xlfn.XLOOKUP(B19,'2-3. Assessment & Actions'!D:D,'2-3. Assessment & Actions'!E:E) -> Does the RI participate in energy flexibility initiatives, such as demand response or smart grid integration? | D19: =_xlfn.XLOOKUP(B19,'4. Priority&Capability Results'!E:E,'4. Priority&Capability Results'!C:C) -> Yes | E19: =_xlfn.XLOOKUP(B19,'2-3. Assessment & Actions'!D:D,'2-3. Assessment & Actions'!F:F) -> Operation | F19: =_xlfn.XLOOKUP(B19,'2-3. Assessment & Actions'!D:D,'2-3. Assessment & Actions'!G:G) -> Energy | G19: =_xlfn.XLOOKUP(B19,'4. Priority&Capability Results'!E:E,'4. Priority&Capability Results'!I:I) -> No target set | H19: =IF('2-3. Assessment & Actions'!P50="Select.... ","Not Answered",IF('2-3. Assessment & Actions'!P50=1,'2-3. Assessment & Actions'!O50,IF('2-3. Assessment & Actions'!P50=2,'2-3. Assessment & Actions'!O51,'2-3. Assessment & Actions'!O52))) -> Not Answered | I19: =_xlfn.XLOOKUP(B19,'4. Priority&Capability Results'!E:E,'4. Priority&Capability Results'!J:J) -> Not Answered | J19: Select.... | K19: =IF(D19="No", "Not in Scope", IF(I19="Not Answered", "Not Answered", IF(J19="Select…. ", "Select the Effort Required", IF(I19="High", IF(J19="Low", "Immediate", IF(J19="Medium", "Urgent", "Planned")), IF(I19="Medium", IF(J19="Low", "Urgent", IF(J19="Medium", "Planned", "Low Priority")), IF(I19="Low", IF(J19="Low", "Planned", IF(J19="Medium", "Low Priority", "No Action Needed")), "")))))) -> Not Answered
B20: M1.1 | C20: =_xlfn.XLOOKUP(B20,'2-3. Assessment & Actions'!D:D,'2-3. Assessment & Actions'!E:E) -> Which environmental KPIs (e.g. GHG emissions, energy, water, waste) are currently measured and how frequently are they reported? | D20: =_xlfn.XLOOKUP(B20,'4. Priority&Capability Results'!E:E,'4. Priority&Capability Results'!C:C) -> Yes | E20: =_xlfn.XLOOKUP(B20,'2-3. Assessment & Actions'!D:D,'2-3. Assessment & Actions'!F:F) -> Operation | F20: =_xlfn.XLOOKUP(B20,'2-3. Assessment & Actions'!D:D,'2-3. Assessment & Actions'!G:G) -> Climate Change | G20: =_xlfn.XLOOKUP(B20,'4. Priority&Capability Results'!E:E,'4. Priority&Capability Results'!I:I) -> No target set | H20: =IF('2-3. Assessment & Actions'!P54="Select.... ","Not Answered",IF('2-3. Assessment & Actions'!P54=1,'2-3. Assessment & Actions'!O54,IF('2-3. Assessment & Actions'!P54=2,'2-3. Assessment & Actions'!O55,'2-3. Assessment & Actions'!O56))) -> Not Answered | I20: =_xlfn.XLOOKUP(B20,'4. Priority&Capability Results'!E:E,'4. Priority&Capability Results'!J:J) -> Not Answered | J20: Select.... | K20: =IF(D20="No", "Not in Scope", IF(I20="Not Answered", "Not Answered", IF(J20="Select…. ", "Select the Effort Required", IF(I20="High", IF(J20="Low", "Immediate", IF(J20="Medium", "Urgent", "Planned")), IF(I20="Medium", IF(J20="Low", "Urgent", IF(J20="Medium", "Planned", "Low Priority")), IF(I20="Low", IF(J20="Low", "Planned", IF(J20="Medium", "Low Priority", "No Action Needed")), "")))))) -> Not Answered
B21: M2.1 | C21: =_xlfn.XLOOKUP(B21,'2-3. Assessment & Actions'!D:D,'2-3. Assessment & Actions'!E:E) -> To what extent are environmental metrics integrated into the RI’s strategic planning or operational decision-making? | D21: =_xlfn.XLOOKUP(B21,'4. Priority&Capability Results'!E:E,'4. Priority&Capability Results'!C:C) -> Yes | E21: =_xlfn.XLOOKUP(B21,'2-3. Assessment & Actions'!D:D,'2-3. Assessment & Actions'!F:F) -> Cross-cutting | F21: =_xlfn.XLOOKUP(B21,'2-3. Assessment & Actions'!D:D,'2-3. Assessment & Actions'!G:G) -> Climate Change | G21: =_xlfn.XLOOKUP(B21,'4. Priority&Capability Results'!E:E,'4. Priority&Capability Results'!I:I) -> No target set | H21: =IF('2-3. Assessment & Actions'!P57="Select.... ","Not Answered",IF('2-3. Assessment & Actions'!P57=1,'2-3. Assessment & Actions'!O57,IF('2-3. Assessment & Actions'!P57=2,'2-3. Assessment & Actions'!O58,'2-3. Assessment & Actions'!O59))) -> Not Answered | I21: =_xlfn.XLOOKUP(B21,'4. Priority&Capability Results'!E:E,'4. Priority&Capability Results'!J:J) -> Not Answered | J21: Select.... | K21: =IF(D21="No", "Not in Scope", IF(I21="Not Answered", "Not Answered", IF(J21="Select…. ", "Select the Effort Required", IF(I21="High", IF(J21="Low", "Immediate", IF(J21="Medium", "Urgent", "Planned")), IF(I21="Medium", IF(J21="Low", "Urgent", IF(J21="Medium", "Planned", "Low Priority")), IF(I21="Low", IF(J21="Low", "Planned", IF(J21="Medium", "Low Priority", "No Action Needed")), "")))))) -> Not Answered
B22: M3.1 | C22: =_xlfn.XLOOKUP(B22,'2-3. Assessment & Actions'!D:D,'2-3. Assessment & Actions'!E:E) -> Has the RI conducted or applied lifecycle assessments (LCA) to evaluate its environmental impact across different phases, including monitoring of Global Warming Potential (GWP) and Cumulative Energy Demand (CED)? | D22: =_xlfn.XLOOKUP(B22,'4. Priority&Capability Results'!E:E,'4. Priority&Capability Results'!C:C) -> Yes | E22: =_xlfn.XLOOKUP(B22,'2-3. Assessment & Actions'!D:D,'2-3. Assessment & Actions'!F:F) -> Cross-cutting | F22: =_xlfn.XLOOKUP(B22,'2-3. Assessment & Actions'!D:D,'2-3. Assessment & Actions'!G:G) -> Climate Change | G22: =_xlfn.XLOOKUP(B22,'4. Priority&Capability Results'!E:E,'4. Priority&Capability Results'!I:I) -> No target set | H22: =IF('2-3. Assessment & Actions'!P60="Select.... ","Not Answered",IF('2-3. Assessment & Actions'!P60=1,'2-3. Assessment & Actions'!O60,IF('2-3. Assessment & Actions'!P60=2,'2-3. Assessment & Actions'!O61,'2-3. Assessment & Actions'!O62))) -> Not Answered | I22: =_xlfn.XLOOKUP(B22,'4. Priority&Capability Results'!E:E,'4. Priority&Capability Results'!J:J) -> Not Answered | J22: Select.... | K22: =IF(D22="No", "Not in Scope", IF(I22="Not Answered", "Not Answered", IF(J22="Select…. ", "Select the Effort Required", IF(I22="High", IF(J22="Low", "Immediate", IF(J22="Medium", "Urgent", "Planned")), IF(I22="Medium", IF(J22="Low", "Urgent", IF(J22="Medium", "Planned", "Low Priority")), IF(I22="Low", IF(J22="Low", "Planned", IF(J22="Medium", "Low Priority", "No Action Needed")), "")))))) -> Not Answered
B23: M4.1 | C23: =_xlfn.XLOOKUP(B23,'2-3. Assessment & Actions'!D:D,'2-3. Assessment & Actions'!E:E) -> Is WUE or any comparable metric tracked and used to assess the RI’s water efficiency performance? | D23: =_xlfn.XLOOKUP(B23,'4. Priority&Capability Results'!E:E,'4. Priority&Capability Results'!C:C) -> Yes | E23: =_xlfn.XLOOKUP(B23,'2-3. Assessment & Actions'!D:D,'2-3. Assessment & Actions'!F:F) -> Operation | F23: =_xlfn.XLOOKUP(B23,'2-3. Assessment & Actions'!D:D,'2-3. Assessment & Actions'!G:G) -> Waste | G23: =_xlfn.XLOOKUP(B23,'4. Priority&Capability Results'!E:E,'4. Priority&Capability Results'!I:I) -> No target set | H23: =IF('2-3. Assessment & Actions'!P63="Select.... ","Not Answered",IF('2-3. Assessment & Actions'!P63=1,'2-3. Assessment & Actions'!O63,IF('2-3. Assessment & Actions'!P63=2,'2-3. Assessment & Actions'!O64,'2-3. Assessment & Actions'!O65))) -> Not Answered | I23: =_xlfn.XLOOKUP(B23,'4. Priority&Capability Results'!E:E,'4. Priority&Capability Results'!J:J) -> Not Answered | J23: Select.... | K23: =IF(D23="No", "Not in Scope", IF(I23="Not Answered", "Not Answered", IF(J23="Select…. ", "Select the Effort Required", IF(I23="High", IF(J23="Low", "Immediate", IF(J23="Medium", "Urgent", "Planned")), IF(I23="Medium", IF(J23="Low", "Urgent", IF(J23="Medium", "Planned", "Low Priority")), IF(I23="Low", IF(J23="Low", "Planned", IF(J23="Medium", "Low Priority", "No Action Needed")), "")))))) -> Not Answered
B24: M5.1 | C24: =_xlfn.XLOOKUP(B24,'2-3. Assessment & Actions'!D:D,'2-3. Assessment & Actions'!E:E) -> Are dedicated tools or platforms in place for tracking, visualising, or reporting environmental performance? | D24: =_xlfn.XLOOKUP(B24,'4. Priority&Capability Results'!E:E,'4. Priority&Capability Results'!C:C) -> Yes | E24: =_xlfn.XLOOKUP(B24,'2-3. Assessment & Actions'!D:D,'2-3. Assessment & Actions'!F:F) -> Operation | F24: =_xlfn.XLOOKUP(B24,'2-3. Assessment & Actions'!D:D,'2-3. Assessment & Actions'!G:G) -> Non-environmental | G24: =_xlfn.XLOOKUP(B24,'4. Priority&Capability Results'!E:E,'4. Priority&Capability Results'!I:I) -> No target set | H24: =IF('2-3. Assessment & Actions'!P66="Select.... ","Not Answered",IF('2-3. Assessment & Actions'!P66=1,'2-3. Assessment & Actions'!O66,IF('2-3. Assessment & Actions'!P66=2,'2-3. Assessment & Actions'!O67,'2-3. Assessment & Actions'!O68))) -> Not Answered | I24: =_xlfn.XLOOKUP(B24,'4. Priority&Capability Results'!E:E,'4. Priority&Capability Results'!J:J) -> Not Answered | J24: Select.... | K24: =IF(D24="No", "Not in Scope", IF(I24="Not Answered", "Not Answered", IF(J24="Select…. ", "Select the Effort Required", IF(I24="High", IF(J24="Low", "Immediate", IF(J24="Medium", "Urgent", "Planned")), IF(I24="Medium", IF(J24="Low", "Urgent", IF(J24="Medium", "Planned", "Low Priority")), IF(I24="Low", IF(J24="Low", "Planned", IF(J24="Medium", "Low Priority", "No Action Needed")), "")))))) -> Not Answered
B25: P1.1 | C25: =_xlfn.XLOOKUP(B25,'2-3. Assessment & Actions'!D:D,'2-3. Assessment & Actions'!E:E) -> Are practices in place to reduce operational waste generation, including e-waste from IT systems and equipment? | D25: =_xlfn.XLOOKUP(B25,'4. Priority&Capability Results'!E:E,'4. Priority&Capability Results'!C:C) -> Yes | E25: =_xlfn.XLOOKUP(B25,'2-3. Assessment & Actions'!D:D,'2-3. Assessment & Actions'!F:F) -> Operation | F25: =_xlfn.XLOOKUP(B25,'2-3. Assessment & Actions'!D:D,'2-3. Assessment & Actions'!G:G) -> Waste | G25: =_xlfn.XLOOKUP(B25,'4. Priority&Capability Results'!E:E,'4. Priority&Capability Results'!I:I) -> No target set | H25: =IF('2-3. Assessment & Actions'!P70="Select.... ","Not Answered",IF('2-3. Assessment & Actions'!P70=1,'2-3. Assessment & Actions'!O70,IF('2-3. Assessment & Actions'!P70=2,'2-3. Assessment & Actions'!O71,'2-3. Assessment & Actions'!O72))) -> Not Answered | I25: =_xlfn.XLOOKUP(B25,'4. Priority&Capability Results'!E:E,'4. Priority&Capability Results'!J:J) -> Not Answered | J25: Select.... | K25: =IF(D25="No", "Not in Scope", IF(I25="Not Answered", "Not Answered", IF(J25="Select…. ", "Select the Effort Required", IF(I25="High", IF(J25="Low", "Immediate", IF(J25="Medium", "Urgent", "Planned")), IF(I25="Medium", IF(J25="Low", "Urgent", IF(J25="Medium", "Planned", "Low Priority")), IF(I25="Low", IF(J25="Low", "Planned", IF(J25="Medium", "Low Priority", "No Action Needed")), "")))))) -> Not Answered
B26: P2.1 | C26: =_xlfn.XLOOKUP(B26,'2-3. Assessment & Actions'!D:D,'2-3. Assessment & Actions'!E:E) -> Does the RI apply defined procedures for the reuse, recycling, or proper disposal of decommissioned equipment? | D26: =_xlfn.XLOOKUP(B26,'4. Priority&Capability Results'!E:E,'4. Priority&Capability Results'!C:C) -> Yes | E26: =_xlfn.XLOOKUP(B26,'2-3. Assessment & Actions'!D:D,'2-3. Assessment & Actions'!F:F) -> Termination | F26: =_xlfn.XLOOKUP(B26,'2-3. Assessment & Actions'!D:D,'2-3. Assessment & Actions'!G:G) -> Waste | G26: =_xlfn.XLOOKUP(B26,'4. Priority&Capability Results'!E:E,'4. Priority&Capability Results'!I:I) -> No target set | H26: =IF('2-3. Assessment & Actions'!P73="Select.... ","Not Answered",IF('2-3. Assessment & Actions'!P73=1,'2-3. Assessment & Actions'!O73,IF('2-3. Assessment & Actions'!P73=2,'2-3. Assessment & Actions'!O74,'2-3. Assessment & Actions'!O75))) -> Not Answered | I26: =_xlfn.XLOOKUP(B26,'4. Priority&Capability Results'!E:E,'4. Priority&Capability Results'!J:J) -> Not Answered | J26: Select.... | K26: =IF(D26="No", "Not in Scope", IF(I26="Not Answered", "Not Answered", IF(J26="Select…. ", "Select the Effort Required", IF(I26="High", IF(J26="Low", "Immediate", IF(J26="Medium", "Urgent", "Planned")), IF(I26="Medium", IF(J26="Low", "Urgent", IF(J26="Medium", "Planned", "Low Priority")), IF(I26="Low", IF(J26="Low", "Planned", IF(J26="Medium", "Low Priority", "No Action Needed")), "")))))) -> Not Answered
B27: P3.1 | C27: =_xlfn.XLOOKUP(B27,'2-3. Assessment & Actions'!D:D,'2-3. Assessment & Actions'!E:E) -> Are circular IT principles such as reuse, modularity, or refurbishment applied in procurement or infrastructure management? | D27: =_xlfn.XLOOKUP(B27,'4. Priority&Capability Results'!E:E,'4. Priority&Capability Results'!C:C) -> Yes | E27: =_xlfn.XLOOKUP(B27,'2-3. Assessment & Actions'!D:D,'2-3. Assessment & Actions'!F:F) -> Design | F27: =_xlfn.XLOOKUP(B27,'2-3. Assessment & Actions'!D:D,'2-3. Assessment & Actions'!G:G) -> Waste | G27: =_xlfn.XLOOKUP(B27,'4. Priority&Capability Results'!E:E,'4. Priority&Capability Results'!I:I) -> No target set | H27: =IF('2-3. Assessment & Actions'!P76="Select.... ","Not Answered",IF('2-3. Assessment & Actions'!P76=1,'2-3. Assessment & Actions'!O76,IF('2-3. Assessment & Actions'!P76=2,'2-3. Assessment & Actions'!O77,'2-3. Assessment & Actions'!O78))) -> Not Answered | I27: =_xlfn.XLOOKUP(B27,'4. Priority&Capability Results'!E:E,'4. Priority&Capability Results'!J:J) -> Not Answered | J27: Select.... | K27: =IF(D27="No", "Not in Scope", IF(I27="Not Answered", "Not Answered", IF(J27="Select…. ", "Select the Effort Required", IF(I27="High", IF(J27="Low", "Immediate", IF(J27="Medium", "Urgent", "Planned")), IF(I27="Medium", IF(J27="Low", "Urgent", IF(J27="Medium", "Planned", "Low Priority")), IF(I27="Low", IF(J27="Low", "Planned", IF(J27="Medium", "Low Priority", "No Action Needed")), "")))))) -> Not Answered
B28: P4.1 | C28: =_xlfn.XLOOKUP(B28,'2-3. Assessment & Actions'!D:D,'2-3. Assessment & Actions'!E:E) -> Are measures in place to monitor and manage pollution risks related to air, water, or soil emissions from RI operations? | D28: =_xlfn.XLOOKUP(B28,'4. Priority&Capability Results'!E:E,'4. Priority&Capability Results'!C:C) -> Yes | E28: =_xlfn.XLOOKUP(B28,'2-3. Assessment & Actions'!D:D,'2-3. Assessment & Actions'!F:F) -> Operation | F28: =_xlfn.XLOOKUP(B28,'2-3. Assessment & Actions'!D:D,'2-3. Assessment & Actions'!G:G) -> Waste | G28: =_xlfn.XLOOKUP(B28,'4. Priority&Capability Results'!E:E,'4. Priority&Capability Results'!I:I) -> No target set | H28: =IF('2-3. Assessment & Actions'!P79="Select.... ","Not Answered",IF('2-3. Assessment & Actions'!P79=1,'2-3. Assessment & Actions'!O79,IF('2-3. Assessment & Actions'!P79=2,'2-3. Assessment & Actions'!O80,'2-3. Assessment & Actions'!O81))) -> Not Answered | I28: =_xlfn.XLOOKUP(B28,'4. Priority&Capability Results'!E:E,'4. Priority&Capability Results'!J:J) -> Not Answered | J28: Select.... | K28: =IF(D28="No", "Not in Scope", IF(I28="Not Answered", "Not Answered", IF(J28="Select…. ", "Select the Effort Required", IF(I28="High", IF(J28="Low", "Immediate", IF(J28="Medium", "Urgent", "Planned")), IF(I28="Medium", IF(J28="Low", "Urgent", IF(J28="Medium", "Planned", "Low Priority")), IF(I28="Low", IF(J28="Low", "Planned", IF(J28="Medium", "Low Priority", "No Action Needed")), "")))))) -> Not Answered
B29: P5.1 | C29: =_xlfn.XLOOKUP(B29,'2-3. Assessment & Actions'!D:D,'2-3. Assessment & Actions'!E:E) -> Are environmental criteria applied when selecting materials or products, with preference for low-impact or non-toxic options? | D29: =_xlfn.XLOOKUP(B29,'4. Priority&Capability Results'!E:E,'4. Priority&Capability Results'!C:C) -> Yes | E29: =_xlfn.XLOOKUP(B29,'2-3. Assessment & Actions'!D:D,'2-3. Assessment & Actions'!F:F) -> Design | F29: =_xlfn.XLOOKUP(B29,'2-3. Assessment & Actions'!D:D,'2-3. Assessment & Actions'!G:G) -> Waste | G29: =_xlfn.XLOOKUP(B29,'4. Priority&Capability Results'!E:E,'4. Priority&Capability Results'!I:I) -> No target set | H29: =IF('2-3. Assessment & Actions'!P82="Select.... ","Not Answered",IF('2-3. Assessment & Actions'!P82=1,'2-3. Assessment & Actions'!O82,IF('2-3. Assessment & Actions'!P82=2,'2-3. Assessment & Actions'!O83,'2-3. Assessment & Actions'!O84))) -> Not Answered | I29: =_xlfn.XLOOKUP(B29,'4. Priority&Capability Results'!E:E,'4. Priority&Capability Results'!J:J) -> Not Answered | J29: Select.... | K29: =IF(D29="No", "Not in Scope", IF(I29="Not Answered", "Not Answered", IF(J29="Select…. ", "Select the Effort Required", IF(I29="High", IF(J29="Low", "Immediate", IF(J29="Medium", "Urgent", "Planned")), IF(I29="Medium", IF(J29="Low", "Urgent", IF(J29="Medium", "Planned", "Low Priority")), IF(I29="Low", IF(J29="Low", "Planned", IF(J29="Medium", "Low Priority", "No Action Needed")), "")))))) -> Not Answered
B30: W1.1 | C30: =_xlfn.XLOOKUP(B30,'2-3. Assessment & Actions'!D:D,'2-3. Assessment & Actions'!E:E) -> To what extent does the RI monitor its water consumption and implement strategies to reduce it? | D30: =_xlfn.XLOOKUP(B30,'4. Priority&Capability Results'!E:E,'4. Priority&Capability Results'!C:C) -> Yes | E30: =_xlfn.XLOOKUP(B30,'2-3. Assessment & Actions'!D:D,'2-3. Assessment & Actions'!F:F) -> Operation | F30: =_xlfn.XLOOKUP(B30,'2-3. Assessment & Actions'!D:D,'2-3. Assessment & Actions'!G:G) -> Water | G30: =_xlfn.XLOOKUP(B30,'4. Priority&Capability Results'!E:E,'4. Priority&Capability Results'!I:I) -> No target set | H30: =IF('2-3. Assessment & Actions'!P86="Select.... ","Not Answered",IF('2-3. Assessment & Actions'!P86=1,'2-3. Assessment & Actions'!O86,IF('2-3. Assessment & Actions'!P86=2,'2-3. Assessment & Actions'!O87,'2-3. Assessment & Actions'!O88))) -> Not Answered | I30: =_xlfn.XLOOKUP(B30,'4. Priority&Capability Results'!E:E,'4. Priority&Capability Results'!J:J) -> Not Answered | J30: Select.... | K30: =IF(D30="No", "Not in Scope", IF(I30="Not Answered", "Not Answered", IF(J30="Select…. ", "Select the Effort Required", IF(I30="High", IF(J30="Low", "Immediate", IF(J30="Medium", "Urgent", "Planned")), IF(I30="Medium", IF(J30="Low", "Urgent", IF(J30="Medium", "Planned", "Low Priority")), IF(I30="Low", IF(J30="Low", "Planned", IF(J30="Medium", "Low Priority", "No Action Needed")), "")))))) -> Not Answered
B31: W2.1 | C31: =_xlfn.XLOOKUP(B31,'2-3. Assessment & Actions'!D:D,'2-3. Assessment & Actions'!E:E) -> Does the RI assess and manage its potential impacts on local ecosystems or biodiversity, particularly for physical infrastructure? | D31: =_xlfn.XLOOKUP(B31,'4. Priority&Capability Results'!E:E,'4. Priority&Capability Results'!C:C) -> Yes | E31: =_xlfn.XLOOKUP(B31,'2-3. Assessment & Actions'!D:D,'2-3. Assessment & Actions'!F:F) -> Design | F31: =_xlfn.XLOOKUP(B31,'2-3. Assessment & Actions'!D:D,'2-3. Assessment & Actions'!G:G) -> Water | G31: =_xlfn.XLOOKUP(B31,'4. Priority&Capability Results'!E:E,'4. Priority&Capability Results'!I:I) -> No target set | H31: =IF('2-3. Assessment & Actions'!P89="Select.... ","Not Answered",IF('2-3. Assessment & Actions'!P89=1,'2-3. Assessment & Actions'!O89,IF('2-3. Assessment & Actions'!P89=2,'2-3. Assessment & Actions'!O90,'2-3. Assessment & Actions'!O91))) -> Not Answered | I31: =_xlfn.XLOOKUP(B31,'4. Priority&Capability Results'!E:E,'4. Priority&Capability Results'!J:J) -> Not Answered | J31: Select.... | K31: =IF(D31="No", "Not in Scope", IF(I31="Not Answered", "Not Answered", IF(J31="Select…. ", "Select the Effort Required", IF(I31="High", IF(J31="Low", "Immediate", IF(J31="Medium", "Urgent", "Planned")), IF(I31="Medium", IF(J31="Low", "Urgent", IF(J31="Medium", "Planned", "Low Priority")), IF(I31="Low", IF(J31="Low", "Planned", IF(J31="Medium", "Low Priority", "No Action Needed")), "")))))) -> Not Answered
B32: W3.1 | C32: =_xlfn.XLOOKUP(B32,'2-3. Assessment & Actions'!D:D,'2-3. Assessment & Actions'!E:E) -> Are there systems or practices in place for rainwater harvesting, water reuse, or managing stormwater runoff? | D32: =_xlfn.XLOOKUP(B32,'4. Priority&Capability Results'!E:E,'4. Priority&Capability Results'!C:C) -> Yes | E32: =_xlfn.XLOOKUP(B32,'2-3. Assessment & Actions'!D:D,'2-3. Assessment & Actions'!F:F) -> Design | F32: =_xlfn.XLOOKUP(B32,'2-3. Assessment & Actions'!D:D,'2-3. Assessment & Actions'!G:G) -> Water | G32: =_xlfn.XLOOKUP(B32,'4. Priority&Capability Results'!E:E,'4. Priority&Capability Results'!I:I) -> No target set | H32: =IF('2-3. Assessment & Actions'!P92="Select.... ","Not Answered",IF('2-3. Assessment & Actions'!P92=1,'2-3. Assessment & Actions'!O92,IF('2-3. Assessment & Actions'!P92=2,'2-3. Assessment & Actions'!O93,'2-3. Assessment & Actions'!O94))) -> Not Answered | I32: =_xlfn.XLOOKUP(B32,'4. Priority&Capability Results'!E:E,'4. Priority&Capability Results'!J:J) -> Not Answered | J32: Select.... | K32: =IF(D32="No", "Not in Scope", IF(I32="Not Answered", "Not Answered", IF(J32="Select…. ", "Select the Effort Required", IF(I32="High", IF(J32="Low", "Immediate", IF(J32="Medium", "Urgent", "Planned")), IF(I32="Medium", IF(J32="Low", "Urgent", IF(J32="Medium", "Planned", "Low Priority")), IF(I32="Low", IF(J32="Low", "Planned", IF(J32="Medium", "Low Priority", "No Action Needed")), "")))))) -> Not Answered
B33: W4.1 | C33: =_xlfn.XLOOKUP(B33,'2-3. Assessment & Actions'!D:D,'2-3. Assessment & Actions'!E:E) -> Does the RI use water-based cooling systems, and are measures in place to optimise their water efficiency and minimise environmental impact? | D33: =_xlfn.XLOOKUP(B33,'4. Priority&Capability Results'!E:E,'4. Priority&Capability Results'!C:C) -> Yes | E33: =_xlfn.XLOOKUP(B33,'2-3. Assessment & Actions'!D:D,'2-3. Assessment & Actions'!F:F) -> Operation | F33: =_xlfn.XLOOKUP(B33,'2-3. Assessment & Actions'!D:D,'2-3. Assessment & Actions'!G:G) -> Water | G33: =_xlfn.XLOOKUP(B33,'4. Priority&Capability Results'!E:E,'4. Priority&Capability Results'!I:I) -> No target set | H33: =IF('2-3. Assessment & Actions'!P95="Select.... ","Not Answered",IF('2-3. Assessment & Actions'!P95=1,'2-3. Assessment & Actions'!O95,IF('2-3. Assessment & Actions'!P95=2,'2-3. Assessment & Actions'!O96,'2-3. Assessment & Actions'!O97))) -> Not Answered | I33: =_xlfn.XLOOKUP(B33,'4. Priority&Capability Results'!E:E,'4. Priority&Capability Results'!J:J) -> Not Answered | J33: Select.... | K33: =IF(D33="No", "Not in Scope", IF(I33="Not Answered", "Not Answered", IF(J33="Select…. ", "Select the Effort Required", IF(I33="High", IF(J33="Low", "Immediate", IF(J33="Medium", "Urgent", "Planned")), IF(I33="Medium", IF(J33="Low", "Urgent", IF(J33="Medium", "Planned", "Low Priority")), IF(I33="Low", IF(J33="Low", "Planned", IF(J33="Medium", "Low Priority", "No Action Needed")), "")))))) -> Not Answered
B34: L1.1 | C34: =_xlfn.XLOOKUP(B34,'2-3. Assessment & Actions'!D:D,'2-3. Assessment & Actions'!E:E) -> To what extent are sustainability considerations integrated into the design and planning of new infrastructure or services? | D34: =_xlfn.XLOOKUP(B34,'4. Priority&Capability Results'!E:E,'4. Priority&Capability Results'!C:C) -> Yes | E34: =_xlfn.XLOOKUP(B34,'2-3. Assessment & Actions'!D:D,'2-3. Assessment & Actions'!F:F) -> Design | F34: =_xlfn.XLOOKUP(B34,'2-3. Assessment & Actions'!D:D,'2-3. Assessment & Actions'!G:G) -> Non-environmental | G34: =_xlfn.XLOOKUP(B34,'4. Priority&Capability Results'!E:E,'4. Priority&Capability Results'!I:I) -> No target set | H34: =IF('2-3. Assessment & Actions'!P99="Select.... ","Not Answered",IF('2-3. Assessment & Actions'!P99=1,'2-3. Assessment & Actions'!O99,IF('2-3. Assessment & Actions'!P99=2,'2-3. Assessment & Actions'!O100,'2-3. Assessment & Actions'!O101))) -> Not Answered | I34: =_xlfn.XLOOKUP(B34,'4. Priority&Capability Results'!E:E,'4. Priority&Capability Results'!J:J) -> Not Answered | J34: Select.... | K34: =IF(D34="No", "Not in Scope", IF(I34="Not Answered", "Not Answered", IF(J34="Select…. ", "Select the Effort Required", IF(I34="High", IF(J34="Low", "Immediate", IF(J34="Medium", "Urgent", "Planned")), IF(I34="Medium", IF(J34="Low", "Urgent", IF(J34="Medium", "Planned", "Low Priority")), IF(I34="Low", IF(J34="Low", "Planned", IF(J34="Medium", "Low Priority", "No Action Needed")), "")))))) -> Not Answered
B35: L2.1 | C35: =_xlfn.XLOOKUP(B35,'2-3. Assessment & Actions'!D:D,'2-3. Assessment & Actions'!E:E) -> Are sustainability criteria applied during the implementation or deployment of infrastructure components and systems? | D35: =_xlfn.XLOOKUP(B35,'4. Priority&Capability Results'!E:E,'4. Priority&Capability Results'!C:C) -> Yes | E35: =_xlfn.XLOOKUP(B35,'2-3. Assessment & Actions'!D:D,'2-3. Assessment & Actions'!F:F) -> Implementation | F35: =_xlfn.XLOOKUP(B35,'2-3. Assessment & Actions'!D:D,'2-3. Assessment & Actions'!G:G) -> Non-environmental | G35: =_xlfn.XLOOKUP(B35,'4. Priority&Capability Results'!E:E,'4. Priority&Capability Results'!I:I) -> No target set | H35: =IF('2-3. Assessment & Actions'!P102="Select.... ","Not Answered",IF('2-3. Assessment & Actions'!P102=1,'2-3. Assessment & Actions'!O102,IF('2-3. Assessment & Actions'!P105=2,'2-3. Assessment & Actions'!O103,'2-3. Assessment & Actions'!O104))) -> Not Answered | I35: =_xlfn.XLOOKUP(B35,'4. Priority&Capability Results'!E:E,'4. Priority&Capability Results'!J:J) -> Not Answered | J35: Select.... | K35: =IF(D35="No", "Not in Scope", IF(I35="Not Answered", "Not Answered", IF(J35="Select…. ", "Select the Effort Required", IF(I35="High", IF(J35="Low", "Immediate", IF(J35="Medium", "Urgent", "Planned")), IF(I35="Medium", IF(J35="Low", "Urgent", IF(J35="Medium", "Planned", "Low Priority")), IF(I35="Low", IF(J35="Low", "Planned", IF(J35="Medium", "Low Priority", "No Action Needed")), "")))))) -> Not Answered
B36: L3.1 | C36: =_xlfn.XLOOKUP(B36,'2-3. Assessment & Actions'!D:D,'2-3. Assessment & Actions'!E:E) -> What sustainability practices are in place for the operation and maintenance of the RI’s infrastructure and services? | D36: =_xlfn.XLOOKUP(B36,'4. Priority&Capability Results'!E:E,'4. Priority&Capability Results'!C:C) -> Yes | E36: =_xlfn.XLOOKUP(B36,'2-3. Assessment & Actions'!D:D,'2-3. Assessment & Actions'!F:F) -> Operation | F36: =_xlfn.XLOOKUP(B36,'2-3. Assessment & Actions'!D:D,'2-3. Assessment & Actions'!G:G) -> Non-environmental | G36: =_xlfn.XLOOKUP(B36,'4. Priority&Capability Results'!E:E,'4. Priority&Capability Results'!I:I) -> No target set | H36: =IF('2-3. Assessment & Actions'!P105="Select.... ","Not Answered",IF('2-3. Assessment & Actions'!P105=1,'2-3. Assessment & Actions'!O105,IF('2-3. Assessment & Actions'!P105=2,'2-3. Assessment & Actions'!O106,'2-3. Assessment & Actions'!O107))) -> Not Answered | I36: =_xlfn.XLOOKUP(B36,'4. Priority&Capability Results'!E:E,'4. Priority&Capability Results'!J:J) -> Not Answered | J36: Select.... | K36: =IF(D36="No", "Not in Scope", IF(I36="Not Answered", "Not Answered", IF(J36="Select…. ", "Select the Effort Required", IF(I36="High", IF(J36="Low", "Immediate", IF(J36="Medium", "Urgent", "Planned")), IF(I36="Medium", IF(J36="Low", "Urgent", IF(J36="Medium", "Planned", "Low Priority")), IF(I36="Low", IF(J36="Low", "Planned", IF(J36="Medium", "Low Priority", "No Action Needed")), "")))))) -> Not Answered
B37: L4.1 | C37: =_xlfn.XLOOKUP(B37,'2-3. Assessment & Actions'!D:D,'2-3. Assessment & Actions'!E:E) -> Does the RI include environmental considerations in its decommissioning or termination plans for infrastructure or services? | D37: =_xlfn.XLOOKUP(B37,'4. Priority&Capability Results'!E:E,'4. Priority&Capability Results'!C:C) -> Yes | E37: =_xlfn.XLOOKUP(B37,'2-3. Assessment & Actions'!D:D,'2-3. Assessment & Actions'!F:F) -> Termination | F37: =_xlfn.XLOOKUP(B37,'2-3. Assessment & Actions'!D:D,'2-3. Assessment & Actions'!G:G) -> Waste | G37: =_xlfn.XLOOKUP(B37,'4. Priority&Capability Results'!E:E,'4. Priority&Capability Results'!I:I) -> No target set | H37: =IF('2-3. Assessment & Actions'!P108="Select.... ","Not Answered",IF('2-3. Assessment & Actions'!P108=1,'2-3. Assessment & Actions'!O108,IF('2-3. Assessment & Actions'!P108=2,'2-3. Assessment & Actions'!O109,'2-3. Assessment & Actions'!O110))) -> Not Answered | I37: =_xlfn.XLOOKUP(B37,'4. Priority&Capability Results'!E:E,'4. Priority&Capability Results'!J:J) -> Not Answered | J37: Select.... | K37: =IF(D37="No", "Not in Scope", IF(I37="Not Answered", "Not Answered", IF(J37="Select…. ", "Select the Effort Required", IF(I37="High", IF(J37="Low", "Immediate", IF(J37="Medium", "Urgent", "Planned")), IF(I37="Medium", IF(J37="Low", "Urgent", IF(J37="Medium", "Planned", "Low Priority")), IF(I37="Low", IF(J37="Low", "Planned", IF(J37="Medium", "Low Priority", "No Action Needed")), "")))))) -> Not Answered
